Urutan,Akun Kode,Akun Nama,Saldo Awal,Jumlah Baris
1,10.101.001,— KAS KECIL,220947,831
2,10.101.002,— CASH/TUNAI,139572,182
3,10.101.003,— BCA PT. ADHILAND JOYO AGUNG (8161-960-098),74947964,902
4,10.101.004,— SILANG KAS,0,134
5,10.102.010,— PIUTANG SIGURA-GURA,358815,36
6,10.102.011,— PIUTANG KARYAWAN,150216668,61
7,10.102.012,— PIUTANG PERMATA JINGGA,0,8
8,10.102.013,— PIUTANG LUMIERA GARDEN,34400,4
9,10.102.999,— PIUTANG LAINNYA,1068500,4
10,10.201.001,— PERSEDIAAN TANAH,10186300000,18
11,10.201.006,— BIAYA BALIK NAMA,5000000,4
12,10.201.007,— BPHTB - BELI TANAH,346266300,5
13,10.201.009,— AJB & AKTA PELEPASAN HAK,15754000,9
14,10.201.011,— PERIJINAN,160995160,11
15,10.201.012,"— PENGUKURAN ""BPN""",2395000,6
16,10.201.013,— SITE PLAN,5000000,5
17,10.201.015,— SERTIFIKAT INDUK,1000000,3
18,10.201.019,— KOMPENSASI MAKAM,100000000,3
19,10.201.021,— ADVISE PLANNING GAMBAR 3D,39450000,11
20,10.201.022,— AKTA KERJASAMA,33500000,4
21,10.201.024,— IJIN PENGEBORAN,6000000,4
22,10.201.026,— KOMISI PEMBELIAN TANAH,101470000,9
23,10.201.027,— PAJAK HIBAH,2500000,3
24,10.202.001,— PEMATANGAN LAHAN,15500000,5
25,10.202.002,— PENGUKURAN BLOK-KAVLING,3065000,4
26,10.202.003,— PERATAAN TANAH/CUT & FILL,474382500,53
27,10.202.004,— PAVING,382541059,24
28,10.202.005,— SALURAN,72813800,8
29,10.202.007,— TURAP,98400000,5
30,10.202.008,— TAMAN DAN PENGHIJAUAN,231263420,41
31,10.202.009,— PINTU GERBANG & POS JAGA,8850000,5
32,10.202.010,— NAMA JALAN & RAMBU LALU LINTAS,645000,4
33,10.202.012,— PENERANGAN JALAN UMUM,59498704,17
34,10.202.013,— PAGAR LINGKUNGAN,136780000,6
35,10.202.015,— KEAMANAN,20000,3
36,10.202.017,— BAHAN,158058000,14
37,10.202.018,— SALURAN DISTRIBUSI AIR,51103500,6
38,10.202.020,— TANDON AIR,223633718,16
39,10.202.022,— PENGEBORAN AIR BERSIH/SUMUR,70445000,9
40,10.202.023,— JARINGAN LISTRIK PROYEK,2480000,4
41,10.202.024,— FASUM,189000,4
42,10.202.025,— GUDANG,12245000,6
43,10.202.028,— LISTRIK LOKASI,7096253,11
44,10.202.032,— PLN UNIT,112536800,10
45,10.202.041,— PLENGSENG,956970000,11
46,10.202.999,— LAIN-LAIN,1770000,4
47,10.203.001,— PERSEDIAAN BANGUNAN,1878250000,14
48,10.203.005,— AC,18736250,15
49,10.203.999,— LAIN-LAIN,1718000,4
50,10.204.003,— PERLENGKAPAN PROYEK,948000,4
51,11.101.001,— PERALATAN KANTOR,153451344,46
52,11.102.001,— PERALATAN TEKNIK,11110880,11
53,11.103.001,— KENDARAAN,151464358,9
54,20.101.001,— UANG MUKA,15688218000,87
55,20.101.002,— UANG TANDA JADI,100000000,56
56,20.103.002,— HUTANG TANAH,517000000,3
57,20.103.006,— HUTANG EAZY KOST SIGURA-GURA,1474912864,42
58,20.103.009,— HUTANG LUMIERA GARDEN,2278839631,49
59,20.103.010,— HUTANG MANAGEMENT KOST,5000000,3
60,20.103.011,— HUTANG REFUND USER RK-13,581671500,3
61,40.102.001,— BUNGA BANK,354388,10
62,60.101.001,— BLT,53000000,36
63,60.101.002,— INSENTIF/KOMISI,528074300,222
64,60.101.004,— BEBAN ADVERTISING,557004540,56
65,60.101.005,— BEBAN DIGITAL ADS,155450000,23
66,60.101.006,— BEBAN PROMOSI,786029000,65
67,60.101.999,— BEBAN PROMOSI LAIN-LAIN,25120000,5
68,60.102.001,— GAJI KARYAWAN TETAP,1159479321,61
69,60.102.006,— THR,112867666,3
70,60.102.009,— TUNJANGAN PPh 21,16000000,3
71,60.102.010,— BIAYA LEGALITAS,4500000,3
72,60.102.999,— LAIN-LAIN,100000,3
73,60.103.001,— HONOR,13250000,11
74,60.104.001,— OPERASIONAL KANTOR,371397189,261
75,60.104.002,— SUMBANGAN/REWARD,8449000,12
76,60.104.003,— TOKEN PLN (ID 513111445351 A/N NANDAR SUKENDAR),33388722,30
77,60.104.004,— TAGIHAN PDAM (NO. SAL 198333),1109000,8
78,60.104.005,— TAGIHAN HALO CALL CENTER (08113500591),2160903,15
79,60.104.006,— TAGIHAN WIFI (INDIHOME 152703261313),7631250,19
80,60.104.007,— BENSIN OPERASIONAL,14020000,61
81,60.104.008,— MATERAI,1546500,7
82,60.104.009,— PERANGKO/KIRIMAN SRT & DOK,425500,19
83,60.104.010,— ADMINISTRASI BANK,856700,129
84,60.104.011,— PERJALANAN DINAS,6146215,20
85,60.104.012,— KEAMANAN DAN KEBERSIHAN,5057000,12
86,60.104.013,— MEETING,22809124,84
87,60.104.016,— TRAINING KARYAWAN,30800000,5
88,60.104.018,— EVENT KANTOR,131526403,26
89,60.104.019,— RENOVASI KANTOR,35105000,14
90,60.104.021,— MAINTENANCE KENDARAAN,3555000,6
91,60.104.023,— BIAYA ADMINISTRASI WANMERKING,5300000,21
92,60.104.029,— BEBAN PAJAK LAINNYA/PAJAK BUNGA,70878,10
93,60.104.035,— PENYUSUTAN KENDARAAN,1000000,4
94,60.104.999,— LAIN-LAIN,24184260,5
