Kategori,Des 2025,Nov 2025,Okt 2025,Sep 2025,Agu 2025,Jul 2025,Jun 2025,Mei 2025,Apr 2025,Mar 2025,Feb 2025,Jan 2025,Des 2024,Nov 2024,Okt 2024,Total
Kavling,657500000,1694000000,1292500000,1270220000,438000000,883798000,180000000,194000000,225000000,1223000000,1150000000,2848700000,2611500000,,,14668218000
ITJ,-5000000,,30000000,,10000000,-5000000,-5000000,,5000000,,-5000000,25000000,50000000,,,100000000
PTB,,,,,,,,,,,,,,,,0
Pendapatan Bunga,31943,5034,97890,62562,,,,2754,74485,2477,77243,,,,,354388
Pengembalian Piutang Antar Proyek,,,,,,21400000,94521500,2400000,2001146400,334572000,547508000,,7500000,,,3009047900
Pendanaan,1096364987,101300000,302910692,475927200,1002500000,2521552500,55000,,,,53056693,650000000,550548900,176254039,1031010000,7961480011
Lain-lain,,,,,,,,,,,,,,,,0
Belum Dikategorikan,917618610,529230600,500000000,296000000,,284000,,,,1400000,7552500,1300000000,922700000,,,4474785710
Total Pemasukan,2666515540,2324535634,2125508582,2042209762,1450500000,3422034500,269576500,196402754,2231220885,1558974477,1753194436,4823700000,4142248900,176254039,1031010000,30213886009
