Seksi,Kode,Nama Akun,Nilai,Level
Aktiva,10,AKTIVA LANCAR,16212556330,total
Aktiva,10.101,KAS & BANK,75308483,group
Aktiva,10.101.001,KAS KECIL,220947,detail
Aktiva,10.101.002,CASH/TUNAI,139572,detail
Aktiva,10.101.003,BCA PT. ADHILAND JOYO AGUNG (8161-960-098),74947964,detail
Aktiva,10.101.004,SILANG KAS,0,detail
Aktiva,10.101.005,BCA MUHAMMAD SYAILENDRA PRATAMA (018-7580-777),0,detail
Aktiva,10.101.006,BCA PT. ADHI PROPERTY INDONESIA (8161-918-601),0,detail
Aktiva,10.101.007,BANK PBNU (1440030817172 an PT. Prima Bangun Negeri Utama),0,detail
Aktiva,10.101.008,KAS DEPOSITO SAHLAN,0,detail
Aktiva,10.102,PIUTANG USAHA,151678383,group
Aktiva,10.102.001,PIUTANG KONSUMEN KAVLING,0,detail
Aktiva,10.102.002,PIUTANG KONSUMEN KAVLING,0,detail
Aktiva,10.102.003,PIUTANG KONSUMEN KAVLING,0,detail
Aktiva,10.102.004,PIUTANG KONSUMEN KAVLING,0,detail
Aktiva,10.102.005,PIUTANG KONSUMEN KAVLING,0,detail
Aktiva,10.102.006,PIUTANG KONSUMEN KAVLING,0,detail
Aktiva,10.102.007,PIUTANG KONSUMEN KAVLING,0,detail
Aktiva,10.102.008,PIUTANG KONSUMEN KAVLING,0,detail
Aktiva,10.102.009,PIUTANG MAYANA RESORT,0,detail
Aktiva,10.102.010,PIUTANG SIGURA-GURA,358815,detail
Aktiva,10.102.011,PIUTANG KARYAWAN,150216668,detail
Aktiva,10.102.012,PIUTANG PERMATA JINGGA,0,detail
Aktiva,10.102.013,PIUTANG LUMIERA GARDEN,34400,detail
Aktiva,10.102.014,PIUTANG JOYO AGUNG RK-1A,0,detail
Aktiva,10.102.999,PIUTANG LAINNYA,1068500,detail
Aktiva,10.102.015,PIUTANG KONSUMEN B-07,0,detail
Aktiva,10.102.016,PIUTANG KONSUMEN B-08,0,detail
Aktiva,10.102.017,PIUTANG KONSUMEN B-09,0,detail
Aktiva,10.102.018,PIUTANG KONSUMEN B-10,0,detail
Aktiva,10.102.019,PIUTANG KONSUMEN B-11,0,detail
Aktiva,10.102.020,PIUTANG KONSUMEN B-12,0,detail
Aktiva,10.102.021,PIUTANG MAYANA RESORT,0,detail
Aktiva,10.102.022,PIUTANG OWNER,0,detail
Aktiva,10.102.023,PIUTANG SUNSET VIEW RESIDENCE,0,detail
Aktiva,10.102.024,PIUTANG BURING,0,detail
Aktiva,10.102.025,PIUTANG TANAH JOYO AGUNG,0,detail
Aktiva,10.102.026,PIUTANG KARYAWAN,0,detail
Aktiva,10.102.027,PIUTANG JOYO AGUNG 2,0,detail
Aktiva,10.102.028,PIUTANG MANAGEMENT KOST,0,detail
Aktiva,10.102.110,PIUTANG LUMIERA GARDEN,0,detail
Aktiva,10.103,BIAYA DIBAYAR DIMUKA,0,group
Aktiva,10.103.001,BIAYA DIBAYAR DIMUKA,0,detail
Aktiva,10.103.002,ASURANSI DIBAYAR DIMUKA,0,detail
Aktiva,10.103.003,SEWA DIBAYAR DIMUKA,0,detail
Aktiva,10.103.004,PAJAK DIBAYAR DIMUKA,0,detail
Aktiva,10.103.005,PPN MASUKAN,0,detail
Aktiva,10.103.006,Angs. PPH Badan Psl 25,0,detail
Aktiva,10.103.007,TITIPAN PAJAK KE NOTARIS,0,detail
Aktiva,10.103.999,LAIN-LAIN,0,detail
Aktiva,10.201,PERSEDIAAN TANAH,11005630460,group
Aktiva,10.201.001,PERSEDIAAN TANAH,10186300000,detail
Aktiva,10.201.002,AMORTISASI PERSEDIAAN TANAH,0,detail
Aktiva,10.201.003,PPAT BELI TANAH,0,detail
Aktiva,10.201.004,ADM. KECAMATAN & DESA,0,detail
Aktiva,10.201.005,PENGURUSAN ADM. TANAH,0,detail
Aktiva,10.201.006,BIAYA BALIK NAMA,5000000,detail
Aktiva,10.201.007,BPHTB - BELI TANAH,346266300,detail
Aktiva,10.201.008,PPh 4 (2) - BELI TANAH,0,detail
Aktiva,10.201.009,AJB & AKTA PELEPASAN HAK,15754000,detail
Aktiva,10.201.010,MATERAI,0,detail
Aktiva,10.201.011,PERIJINAN,160995160,detail
Aktiva,10.201.012,"PENGUKURAN ""BPN""",2395000,detail
Aktiva,10.201.013,SITE PLAN,5000000,detail
Aktiva,10.201.014,SLF,0,detail
Aktiva,10.201.015,SERTIFIKAT INDUK,1000000,detail
Aktiva,10.201.016,PBB INDUK,0,detail
Aktiva,10.201.017,IJIN BINA MARGA,0,detail
Aktiva,10.201.018,KOMPENSASI JALAN - KELUAR MASUK,0,detail
Aktiva,10.201.019,KOMPENSASI MAKAM,100000000,detail
Aktiva,10.201.020,KOMPENSASI WARGA,0,detail
Aktiva,10.201.021,ADVISE PLANNING GAMBAR 3D,39450000,detail
Aktiva,10.201.022,AKTA KERJASAMA,33500000,detail
Aktiva,10.201.023,IJIN JEMBATAN,0,detail
Aktiva,10.201.024,IJIN PENGEBORAN,6000000,detail
Aktiva,10.201.025,"BERITA ACARA RUPS, SIUP",0,detail
Aktiva,10.201.026,KOMISI PEMBELIAN TANAH,101470000,detail
Aktiva,10.201.027,PAJAK HIBAH,2500000,detail
Aktiva,10.201.028,SPLITZING SERTIFIKAT,0,detail
Aktiva,10.201.999,LAIN-LAIN,0,detail
Aktiva,10.201.029,IJIN JALAN - KELUAR MASUK,0,detail
Aktiva,10.201.030,KOMPENSASI JALAN - KELUAR MASUK,0,detail
Aktiva,10.201.031,KOMPENSASI MAKAM,0,detail
Aktiva,10.201.032,KOMPENSASI WARGA,0,detail
Aktiva,10.201.033,SKA DRAFTER,0,detail
Aktiva,10.201.034,RETRIBUSI SLF,0,detail
Aktiva,10.201.035,IJIN SEMPADAN SUNGAI,0,detail
Aktiva,10.201.036,IJIN LINGKUNGAN,0,detail
Aktiva,10.201.037,IJIN BONGKAR GUNUNG,0,detail
Aktiva,10.201.038,IJIN JEMBATAN,0,detail
Aktiva,10.201.039,"BERITA ACARA RUPS, SIUP",0,detail
Aktiva,10.201.040,REKOMENDASI DINAS PERHUBUNGAN,0,detail
Aktiva,10.201.041,ACARA PEMBUKAAN PROYEK,0,detail
Aktiva,10.201.042,JAMUAN,0,detail
Aktiva,10.201.043,ADVISE PLANNING GAMBAR 3D,0,detail
Aktiva,10.202,PRASARANA,3080286754,group
Aktiva,10.202.001,PEMATANGAN LAHAN,15500000,detail
Aktiva,10.202.002,PENGUKURAN BLOK-KAVLING,3065000,detail
Aktiva,10.202.003,PERATAAN TANAH/CUT & FILL,474382500,detail
Aktiva,10.202.004,PAVING,382541059,detail
Aktiva,10.202.005,SALURAN,72813800,detail
Aktiva,10.202.006,DUIKER JALAN,0,detail
Aktiva,10.202.007,TURAP,98400000,detail
Aktiva,10.202.008,TAMAN DAN PENGHIJAUAN,231263420,detail
Aktiva,10.202.009,PINTU GERBANG & POS JAGA,8850000,detail
Aktiva,10.202.010,NAMA JALAN & RAMBU LALU LINTAS,645000,detail
Aktiva,10.202.011,TEMPAT PEMBUANGAN SAMPAH,0,detail
Aktiva,10.202.012,PENERANGAN JALAN UMUM,59498704,detail
Aktiva,10.202.013,PAGAR LINGKUNGAN,136780000,detail
Aktiva,10.202.014,PERBAIKAN JALAN UMUM,0,detail
Aktiva,10.202.015,KEAMANAN,20000,detail
Aktiva,10.202.016,UPAH HARIAN PROYEK,0,detail
Aktiva,10.202.017,BAHAN,158058000,detail
Aktiva,10.202.018,SALURAN DISTRIBUSI AIR,51103500,detail
Aktiva,10.202.019,MUSHOLA,0,detail
Aktiva,10.202.020,TANDON AIR,223633718,detail
Aktiva,10.202.021,"PDAM (PASANG BARU, TRANSMISI & DISTRIBUSI)",0,detail
Aktiva,10.202.022,PENGEBORAN AIR BERSIH/SUMUR,70445000,detail
Aktiva,10.202.023,JARINGAN LISTRIK PROYEK,2480000,detail
Aktiva,10.202.024,FASUM,189000,detail
Aktiva,10.202.025,GUDANG,12245000,detail
Aktiva,10.202.026,TOOLS / ALAT BANTU TEKNIK + Maintenance,0,detail
Aktiva,10.202.027,OPERASIONAL KENDARAAN PROYEK,0,detail
Aktiva,10.202.028,LISTRIK LOKASI,7096253,detail
Aktiva,10.202.029,SARANA RUMAH,0,detail
Aktiva,10.202.030,IMB (INDUK & UNIT),0,detail
Aktiva,10.202.031,AIR BERSIH / PDAM UNIT,0,detail
Aktiva,10.202.032,PLN UNIT,112536800,detail
Aktiva,10.202.033,PBB UNIT,0,detail
Aktiva,10.202.034,PPAT / AJB UNIT,0,detail
Aktiva,10.202.035,SERTIFIKAT UNIT,0,detail
Aktiva,10.202.036,SPLITZING PBB,0,detail
Aktiva,10.202.037,PENINGKATAN HAK HGB KE SHM,0,detail
Aktiva,10.202.038,BIAYA BALIK NAMA SERTIFIKAT,0,detail
Aktiva,10.202.039,REK. LISTRIK RM BLM STR,0,detail
Aktiva,10.202.040,JEMBATAN,0,detail
Aktiva,10.202.041,PLENGSENG,956970000,detail
Aktiva,10.202.999,LAIN-LAIN,1770000,detail
Aktiva,10.202.042,PENINGKATAN HAK HGB KE SHM,0,detail
Aktiva,10.202.043,BIAYA BALIK NAMA SERTIFIKAT,0,detail
Aktiva,10.202.044,MARKETING OFFICE,0,detail
Aktiva,10.202.045,REK. LISTRIK RM BLM STR,0,detail
Aktiva,10.203,PERSEDIAAN BANGUNAN,1898704250,group
Aktiva,10.203.001,PERSEDIAAN BANGUNAN,1878250000,detail
Aktiva,10.203.002,AMORTISASI PERSEDIAAN BANGUNAN,0,detail
Aktiva,10.203.003,PEKERJAAN TAMBAH RUMAH,0,detail
Aktiva,10.203.004,PERSEDIAAN MATERIAL,0,detail
Aktiva,10.203.005,AC,18736250,detail
Aktiva,10.203.006,WATER HEATER,0,detail
Aktiva,10.203.007,FURNITURE,0,detail
Aktiva,10.203.008,BIAYA PEMASANGAN,0,detail
Aktiva,10.203.999,LAIN-LAIN,1718000,detail
Aktiva,10.203.009,NAMA JALAN & RAMBU LALU LINTAS,0,detail
Aktiva,10.203.010,PENERANGAN JALAN UMUM,0,detail
Aktiva,10.203.011,PAGAR LINGKUNGAN,0,detail
Aktiva,10.203.012,PERBAIKAN JALAN UMUM,0,detail
Aktiva,10.203.013,KEAMANAN,0,detail
Aktiva,10.203.014,MARKETING GALERI,0,detail
Aktiva,10.203.015,MUSHOLA,0,detail
Aktiva,10.203.016,"PDAM (PASANG BARU, TRANSMISI & DISTRIBUSI)",0,detail
Aktiva,10.203.017,PENGEBORAN AIR BERSIH/SUMUR,0,detail
Aktiva,10.203.018,JARINGAN LISTRIK PROYEK,0,detail
Aktiva,10.203.019,FASUM,0,detail
Aktiva,10.203.020,GUDANG,0,detail
Aktiva,10.204,PERSEDIAAN LAIN,948000,group
Aktiva,10.204.001,PERLENGKAPAN KANTOR,0,detail
Aktiva,10.204.002,PERLENGKAPAN ORNAMEN,0,detail
Aktiva,10.204.003,PERLENGKAPAN PROYEK,948000,detail
Aktiva,10.204.999,LAIN-LAIN,0,detail
Aktiva,10.204.004,KOLAM RENANG,0,detail
Aktiva,10.204.005,AC,0,detail
Aktiva,10.204.006,WATER HEATER,0,detail
Aktiva,10.204.007,FURNITURE,0,detail
Aktiva,10.204.008,BIAYA PEMASANGAN,0,detail
Aktiva,10.205,PERSEDIAAN LAIN,0,group
Aktiva,10.205.001,PERLENGKAPAN KANTOR,0,detail
Aktiva,10.205.002,PERLENGKAPAN PROYEK,0,detail
Aktiva,10.205.999,LAIN-LAIN,0,detail
Aktiva,11,AKTIVA TETAP,316026582,total
Aktiva,11.101,INVENTARIS PERALATAN KANTOR,153451344,group
Aktiva,11.101.001,PERALATAN KANTOR,153451344,detail
Aktiva,11.101.002,AKUMULASI PENY. PERL. KANTOR,0,detail
Aktiva,11.102,INVENTARIS PERALATAN TEKNIK,11110880,group
Aktiva,11.102.001,PERALATAN TEKNIK,11110880,detail
Aktiva,11.102.002,AKUMULASI PENY. PERL. TEKNIK,0,detail
Aktiva,11.103,INVENTARIS KENDARAAN,151464358,group
Aktiva,11.103.001,KENDARAAN,151464358,detail
Aktiva,11.103.002,AKUM. PENYUSUTAN KENDARAAN,0,detail
Aktiva,11.104,INVENTARIS BANGUNAN,0,group
Aktiva,11.104.001,BANGUNAN,0,detail
Aktiva,11.104.002,AKUM. PENYUSUTAN BANGUNAN,0,detail
Aktiva,11.105,INVENTARIS BANGUNAN,0,group
Aktiva,11.105.001,BANGUNAN,0,detail
Aktiva,11.105.002,AKUM. PENYUSUTAN BANGUNAN,0,detail
Aktiva,,TOTAL AKTIVA,16528582912,total
Kewajiban & Modal,20,HUTANG LANCAR,20645641995,total
Kewajiban & Modal,20.101,PENDAPATAN DITERIMA DIMUKA,15788218000,group
Kewajiban & Modal,20.101.001,UANG MUKA,15688218000,detail
Kewajiban & Modal,20.101.002,UANG TANDA JADI,100000000,detail
Kewajiban & Modal,20.101.003,KELEBIHAN LUAS TANAH,0,detail
Kewajiban & Modal,20.101.999,LAIN-LAIN,0,detail
Kewajiban & Modal,20.102,HUTANG PAJAK,0,group
Kewajiban & Modal,20.102.001,PPH Psl 4 (2) ATAS JASA SUBKON,0,detail
Kewajiban & Modal,20.102.002,PPN KELUARAN,0,detail
Kewajiban & Modal,20.102.003,BPHTB PENJUALAN RUMAH,0,detail
Kewajiban & Modal,20.102.004,PPH 21,0,detail
Kewajiban & Modal,20.102.999,HUTANG PAJAK LAINNYA,0,detail
Kewajiban & Modal,20.103,HUTANG LAIN-LAIN,4857423995,group
Kewajiban & Modal,20.103.001,HUTANG MODAL,0,detail
Kewajiban & Modal,20.103.002,HUTANG TANAH,517000000,detail
Kewajiban & Modal,20.103.003,HUTANG USAHA,0,detail
Kewajiban & Modal,20.103.004,HUTANG BANK,0,detail
Kewajiban & Modal,20.103.005,HUTANG MATERIAL,0,detail
Kewajiban & Modal,20.103.006,HUTANG EAZY KOST SIGURA-GURA,1474912864,detail
Kewajiban & Modal,20.103.007,HUTANG INVESTASI,0,detail
Kewajiban & Modal,20.103.008,HUTANG OPERASIONAL,0,detail
Kewajiban & Modal,20.103.009,HUTANG LUMIERA GARDEN,2278839631,detail
Kewajiban & Modal,20.103.010,HUTANG MANAGEMENT KOST,5000000,detail
Kewajiban & Modal,20.103.011,HUTANG REFUND USER RK-13,581671500,detail
Kewajiban & Modal,20.103.012,HUTANG JOYO AGUNG RK-1A,0,detail
Kewajiban & Modal,20.103.999,HUTANG LAIN-LAIN,0,detail
Kewajiban & Modal,20.103.013,HUTANG PAK MARYANTO,0,detail
Kewajiban & Modal,20.103.014,HUTANG PBN,0,detail
Kewajiban & Modal,20.103.015,HUTANG BU MIRA SUSAUDAH,0,detail
Kewajiban & Modal,20.103.016,HUTANG MANAGEMENT KOST,0,detail
Kewajiban & Modal,20.103.017,HUTANG PRIMALAND 2,0,detail
Kewajiban & Modal,20.103.018,HUTANG JOYO AGUNG,0,detail
Kewajiban & Modal,20.103.019,HUTANG PAK SYAM,0,detail
Kewajiban & Modal,20.103.020,HUTANG JOYO AGUNG 2,0,detail
Kewajiban & Modal,20.104,KONTRUKSI DALAM PROSES,0,group
Kewajiban & Modal,20.104.001,KONSTRUKSI DALAM PROGRESS KAVLING,0,detail
Kewajiban & Modal,20.104.002,KONSTRUKSI DALAM PROGRESS KAVLING,0,detail
Kewajiban & Modal,20.104.003,KONSTRUKSI DALAM PROGRESS KAVLING,0,detail
Kewajiban & Modal,20.104.004,KONSTRUKSI DALAM PROGRESS KAVLING,0,detail
Kewajiban & Modal,20.104.005,KONSTRUKSI DALAM PROGRESS KAVLING,0,detail
Kewajiban & Modal,20.104.006,KONSTRUKSI DALAM PROGRESS KAVLING,0,detail
Kewajiban & Modal,20.104.007,KONSTRUKSI DALAM PROGRESS KAVLING,0,detail
Kewajiban & Modal,20.104.008,KONSTRUKSI DALAM PROGRESS KAVLING,0,detail
Kewajiban & Modal,20.104.009,KONSTRUKSI DALAM PROGRESS KAVLING,0,detail
Kewajiban & Modal,20.104.010,KONSTRUKSI DALAM PROGRESS KAVLING,0,detail
Kewajiban & Modal,20.104.011,KONSTRUKSI DALAM PROGRESS KAVLING,0,detail
Kewajiban & Modal,20.104.012,KONSTRUKSI DALAM PROGRESS KAVLING,0,detail
Kewajiban & Modal,20.104.013,KONSTRUKSI DALAM PROGRESS KAVLING,0,detail
Kewajiban & Modal,20.104.999,KONSTRUKSI DALAM PROGRESS LAIN-LAIN,0,detail
Kewajiban & Modal,20.104.014,KONSTRUKSI DALAM PROGRESS B-06,0,detail
Kewajiban & Modal,20.104.015,KONSTRUKSI DALAM PROGRESS B-07,0,detail
Kewajiban & Modal,20.104.016,KONSTRUKSI DALAM PROGRESS B-08,0,detail
Kewajiban & Modal,20.104.017,KONSTRUKSI DALAM PROGRESS B-09,0,detail
Kewajiban & Modal,20.104.018,KONSTRUKSI DALAM PROGRESS B-10,0,detail
Kewajiban & Modal,20.104.019,KONSTRUKSI DALAM PROGRESS B-11,0,detail
Kewajiban & Modal,20.104.020,KONSTRUKSI DALAM PROGRESS B-12,0,detail
Kewajiban & Modal,20.104.021,KONSTRUKSI DALAM PROGRESS B-13,0,detail
Kewajiban & Modal,30,MODAL,-4117059083,total
Kewajiban & Modal,30.101.001,MODAL DISETOR,0,detail
Kewajiban & Modal,30.101.002,MODAL INVESTOR,0,detail
Kewajiban & Modal,30.101.003,PRIVE,0,detail
Kewajiban & Modal,30.101.004,LABA DITAHAN,0,detail
Kewajiban & Modal,30.101.005,L/R TAHUN BERJALAN,0,detail
Kewajiban & Modal,30.101.006,L/R TAHUN LALU,-4117059083,detail
Kewajiban & Modal,30.101.007,DEVIDEN,0,detail
Kewajiban & Modal,,TOTAL KEWAJIBAN & MODAL,16528582912,total
