Perusahaan,Seksi,Akun,Saldo,Aktivitas Terakhir,Umur
EazyKost Joyo Agung,Piutang,Total Piutang,0,,
EazyKost Joyo Agung,Hutang,Total Hutang,0,,
EazyKost Sigura-gura,Piutang,Total Piutang,0,,
EazyKost Sigura-gura,Hutang,Total Hutang,0,,
Lumiera Garden,Piutang,10.102.999 PIUTANG LAINNYA,1068500,14 Feb 2025,595 hari
Lumiera Garden,Piutang,10.102.010 PIUTANG SIGURA-GURA,358815,01 Jul 2025,458 hari
Lumiera Garden,Piutang,10.102.013 PIUTANG MANAJEMEN KOST,34400,21 Aug 2025,407 hari
Lumiera Garden,Piutang,10.102.011 PIUTANG KARYAWAN,150216668,12 Dec 2025,294 hari
Lumiera Garden,Piutang,Total Piutang,151678383,,
Lumiera Garden,Hutang,20.103.002 HUTANG TANAH,517000000,20 Oct 2025,347 hari
Lumiera Garden,Hutang,20.103.006 HUTANG SIGURA-GURA,1474912864,12 Dec 2025,294 hari
Lumiera Garden,Hutang,20.103.009 HUTANG JOYO AGUNG 2,2278839631,29 Dec 2025,277 hari
Lumiera Garden,Hutang,20.103.010 HUTANG MAYANA RESORT,5000000,29 Dec 2025,277 hari
Lumiera Garden,Hutang,20.103.011 HUTANG MANAJEMEN KOST,581671500,29 Dec 2025,277 hari
Lumiera Garden,Hutang,Total Hutang,4857423995,,
Mayana Resort,Piutang,Total Piutang,0,,
Mayana Resort,Hutang,Total Hutang,0,,
Mayana II,Piutang,Total Piutang,0,,
Mayana II,Hutang,Total Hutang,0,,
Mayana II,Total Gabungan,Total Piutang,151678383,,
Mayana II,Total Gabungan,Total Hutang,4857423995,,
