Cluster,Deskripsi,Jenis Pekerjaan,Jatuh Tempo,Jumlah Rencana,Status,Terbayar,Sisa,Catatan,Pengajuan,Sumber Role
EazyKost Joyo Agung,PPH Billing 1 Syailendra Kurang Bayar untuk Kavling RK-03,SSP/PPh,2026-10-02 ⚠,5281100,Belum Dibayar,0,5281100,"dibayarka segera, untuk proses Balik Nama Kav RK-03",Menunggu,"Direktur, Legal"
EazyKost Joyo Agung,Pelunasan Kajian teknis SLF dan Perhitungan Struktur Eazy Kost Joyo Agung,SLF,2026-10-02 ⚠,10000000,Belum Dibayar,0,10000000,"pekerjaan untuk kavking RK-1,2,3,6,7,10,11,13,14,",Menunggu,"Direktur, Legal"
EazyKost Sigura-gura,DP 25% Furniture A-05 13 set Pernoto,"Furniture, AC, WH, EF",2026-10-02 ⚠,24375000,Belum Dibayar,0,24375000,,Menunggu,"Direktur, Teknik"
EazyKost Sigura-gura,Unit AC (13 unit) Kavling A-05,"Furniture, AC, WH, EF",2026-10-02 ⚠,37700000,Belum Dibayar,0,37700000,,,"Direktur, Teknik"
EazyKost Sigura-gura,Stecker 13 unit Kavling A-05,,2026-10-02 ⚠,195000,Belum Dibayar,0,195000,,,"Direktur, Teknik"
EazyKost Sigura-gura,Unit Water Heater (13 unit) Kavling A-05,"Furniture, AC, WH, EF",2026-10-02 ⚠,23400000,Belum Dibayar,0,23400000,,,"Direktur, Teknik"
EazyKost Sigura-gura,Double Niple (26 pcs)+Selang Fleksibel (26 pcs) Kavling A-05,,2026-10-02 ⚠,7800000,Belum Dibayar,0,7800000,,,"Direktur, Teknik"
EazyKost Sigura-gura,TBA (10 pcs) Kavling A-05,,2026-10-02 ⚠,100000,Belum Dibayar,0,100000,,,"Direktur, Teknik"
EazyKost Sigura-gura,Unit Exhaust (13 unit) Kavling A-05,"Furniture, AC, WH, EF",2026-10-02 ⚠,6175000,Belum Dibayar,0,6175000,,,"Direktur, Teknik"
EazyKost Sigura-gura,Pompa Pendorong Kavling A-05,"Furniture, AC, WH, EF",2026-10-02 ⚠,950000,Belum Dibayar,0,950000,,,"Direktur, Teknik"
EazyKost Sigura-gura,No Kamar (13 unit) Kavling A-05,"Furniture, AC, WH, EF",2026-10-02 ⚠,689000,Belum Dibayar,0,689000,,,"Direktur, Teknik"
EazyKost Sigura-gura,WM (1 biji) Kavling A-04,,2026-10-02 ⚠,35000,Belum Dibayar,0,35000,Reimburse Pak Handik,Menunggu,"Direktur, Teknik"
EazyKost Sigura-gura,SDD (1 biji) Kavling A-04,,2026-10-02 ⚠,6500,Belum Dibayar,0,6500,Reimburse Pak Handik,Menunggu,"Direktur, Teknik"
EazyKost Sigura-gura,Knee (2 biji) Kavling A-04,,2026-10-02 ⚠,13000,Belum Dibayar,0,13000,,Menunggu,"Direktur, Teknik"
EazyKost Sigura-gura,Tee (1 biji) Kavling A-04,,2026-10-02 ⚠,9000,Belum Dibayar,0,9000,,Menunggu,"Direktur, Teknik"
EazyKost Sigura-gura,Sok (2 biji) Kavling A-04,,2026-10-02 ⚠,13000,Belum Dibayar,0,13000,Reimburse Pak Handik,Menunggu,"Direktur, Teknik"
EazyKost Sigura-gura,TBA (2 biji) Kavling A-04,,2026-10-02 ⚠,14000,Belum Dibayar,0,14000,Reimburse Pak Handik,Menunggu,"Direktur, Teknik"
EazyKost Sigura-gura,Lem (1 biji) Kavling A-04,,2026-10-02 ⚠,18500,Belum Dibayar,0,18500,Reimburse Pak Handik,Menunggu,"Direktur, Teknik"
EazyKost Sigura-gura,Stop Kran (1 biji) Kavling A-04,,2026-10-02 ⚠,25000,Belum Dibayar,0,25000,,Menunggu,"Direktur, Teknik"
EazyKost Sigura-gura,Knee (3 biji) Kavling A-04,,2026-10-02 ⚠,19500,Belum Dibayar,0,19500,Reimburse Pak Handik,Menunggu,"Direktur, Teknik"
EazyKost Joyo Agung,Tagihan Listrik RK-06 (Fasum),Token Listrik,2026-10-02 ⚠,93636,Belum Dibayar,0,93636,Pembayaran Menggunakan NOREG,Menunggu,"Direktur, Teknik"
Lumiera Garden,DP 25% Furniture LK-05 6 set Pernoto,"Furniture, AC, WH, EF",2026-10-02 ⚠,12450000,Belum Dibayar,0,12450000,,Menunggu,"Direktur, Teknik"
Lumiera Garden,Termin 1 50% LK-15 (SPK No. 023/SPK.ADP/VI/2026)-Rio Danansartika,Konstruksi,2026-10-02 ⚠,182750000,Belum Dibayar,0,182750000,,Menunggu,"Direktur, Teknik"
Lumiera Garden,Termin 1 50% LK-18 (SPK No. 024/SPK.ADP/VI/2026)-Rio Danansartika,Konstruksi,2026-10-02 ⚠,182750000,Belum Dibayar,0,182750000,,Menunggu,"Direktur, Teknik"
Lumiera Garden,Pekerjaan Kanopi dan Plafon LK-06,,2026-10-02 ⚠,11013000,Belum Dibayar,0,11013000,,Menunggu,"Direktur, Teknik"
Lumiera Garden,Pompa Pendorong LK-05,"Furniture, AC, WH, EF",2026-10-02 ⚠,950000,Belum Dibayar,0,950000,,,"Direktur, Teknik"
Lumiera Garden,Unit AC (6 unit) LK-05,"Furniture, AC, WH, EF",2026-10-02 ⚠,17400000,Belum Dibayar,0,17400000,,,"Direktur, Teknik"
Lumiera Garden,Pipa AC LK-05,,2026-10-02 ⚠,2000000,Belum Dibayar,0,2000000,,,"Direktur, Teknik"
Lumiera Garden,"Kabel 2x1,5 (50 meter) LK-05",,2026-10-02 ⚠,1000000,Belum Dibayar,0,1000000,,,"Direktur, Teknik"
Lumiera Garden,Bracket AC LK-05,,2026-10-02 ⚠,330000,Belum Dibayar,0,330000,,,"Direktur, Teknik"
Lumiera Garden,Stecker AC LK-05,,2026-10-02 ⚠,90000,Belum Dibayar,0,90000,,,"Direktur, Teknik"
Lumiera Garden,Ducktape LK-05,,2026-10-02 ⚠,84000,Belum Dibayar,0,84000,,,"Direktur, Teknik"
Lumiera Garden,Unit Water Heater (6 unit) LK-05,"Furniture, AC, WH, EF",2026-10-02 ⚠,10800000,Belum Dibayar,0,10800000,,,"Direktur, Teknik"
Lumiera Garden,Double Niple(12 pcs)+Selang Fleksibel(12 pcs) LK-05,,2026-10-02 ⚠,3600000,Belum Dibayar,0,3600000,,,"Direktur, Teknik"
Lumiera Garden,TBA (10 pcs) LK-05,,2026-10-02 ⚠,100000,Belum Dibayar,0,100000,,,"Direktur, Teknik"
Lumiera Garden,Unit Exhaust (6 UNIT) LK-05,"Furniture, AC, WH, EF",2026-10-02 ⚠,2850000,Belum Dibayar,0,2850000,,,"Direktur, Teknik"
Lumiera Garden,Pipa AC 1/2 PK (1 roll) A-04,,2026-10-02 ⚠,2000000,Belum Dibayar,0,2000000,,,"Direktur, Teknik"
Lumiera Garden,"Kabel NYM 2 x 1,5 (50 meter) A-04",,2026-10-02 ⚠,1000000,Belum Dibayar,0,1000000,,,"Direktur, Teknik"
Lumiera Garden,Ducktape A-04,,2026-10-02 ⚠,84000,Belum Dibayar,0,84000,,,"Direktur, Teknik"
Lumiera Garden,MCB Broco (Gallery Marketing Lumiera),,2026-10-02 ⚠,55000,Belum Dibayar,0,55000,Reimburse Pak Handik,Menunggu,"Direktur, Teknik"
Mayana Resort,Stop Kran 1 1/4 (Fasum),,2026-10-02 ⚠,80000,Belum Dibayar,0,80000,Reimburse Pak Handik,Menunggu,"Direktur, Teknik"
Mayana Resort,Lem PVC (Fasum),,2026-10-02 ⚠,10000,Belum Dibayar,0,10000,Reimburse Pak Handik,Menunggu,"Direktur, Teknik"
Mayana Resort,Sok 3/4 (Fasum),,2026-10-02 ⚠,4000,Belum Dibayar,0,4000,Reimburse Pak Handik,Menunggu,"Direktur, Teknik"
Mayana Resort,"Kabel NYM Hitam 2X1,5 (100meter)",,2026-10-02 ⚠,5000000,Belum Dibayar,0,5000000,,,"Direktur, Teknik"
Mayana Resort,Termin 2 Gallery Marketing Mayana Resort,Fasum,2026-10-02 ⚠,165000000,Belum Dibayar,0,165000000,,Menunggu,"Direktur, Teknik"
EazyKost Sigura-gura,Pajak BPHTB A4,BPHTB,2026-10-09,91000000,Belum Dibayar,0,91000000,User sudah TTD AJB di tgl 24 september 2026,,"Direktur, Legal"
EazyKost Sigura-gura,PPH kav A-04,SSP/PPh,2026-10-09,47500000,Belum Dibayar,0,47500000,User sudah TTD AJB tgl 24 Sep 2026,,"Direktur, Legal"
EazyKost Sigura-gura,Biaya Akta dan Notaris 🔁,AJB & BBN,2026-10-16,30450000,Belum Dibayar,0,30450000,All biaya notaris diana,,"Direktur, Legal"
EazyKost Sigura-gura,Angsuran BJS 🔁,Operasional,2026-10-25,53765000,Belum Dibayar,0,53765000,Angsuran BJS,,"Direktur, Operasional"
EazyKost Sigura-gura,Angsuran BJS 🔁,Operasional,2026-08-25 ⚠,53765000,Belum Dibayar,0,53765000,Angsuran BJS,,Operasional
EazyKost Joyo Agung,Angsuran Innova Ke-20,Operasional,2026-09-18 ⚠,9698300,Belum Dibayar,0,9698300,,,Operasional
EazyKost Sigura-gura,Angsuran BJS 🔁,Operasional,2026-09-25 ⚠,53765000,Belum Dibayar,0,53765000,Angsuran BJS,,Operasional
EazyKost Sigura-gura,Angsuran BJS 🔁,Operasional,2026-11-25,53765000,Belum Dibayar,0,53765000,Angsuran BJS,,Operasional
EazyKost Sigura-gura,Angsuran BJS 🔁,Operasional,2026-12-25,53765000,Belum Dibayar,0,53765000,Angsuran BJS,,Operasional
EazyKost Sigura-gura,Angsuran BJS 🔁,Operasional,2027-01-25,53765000,Belum Dibayar,0,53765000,Angsuran BJS,,Operasional
EazyKost Sigura-gura,Angsuran BJS 🔁,Operasional,2027-02-25,53765000,Belum Dibayar,0,53765000,Angsuran BJS,,Operasional
EazyKost Sigura-gura,Angsuran BJS 🔁,Operasional,2027-03-25,53765000,Belum Dibayar,0,53765000,Angsuran BJS,,Operasional
EazyKost Sigura-gura,Angsuran BJS 🔁,Operasional,2027-04-25,53765000,Belum Dibayar,0,53765000,Angsuran BJS,,Operasional
EazyKost Sigura-gura,Angsuran BJS 🔁,Operasional,2027-05-25,53765000,Belum Dibayar,0,53765000,Angsuran BJS,,Operasional
EazyKost Sigura-gura,Angsuran BJS 🔁,Operasional,2027-06-25,53765000,Belum Dibayar,0,53765000,Angsuran BJS,,Operasional
EazyKost Sigura-gura,Angsuran BJS 🔁,Operasional,2027-07-25,53765000,Belum Dibayar,0,53765000,Angsuran BJS,,Operasional
EazyKost Sigura-gura,DP 25 % Furniture Eazy Kost Kavling B-10 (10 set),"Furniture, AC, WH, EF",2026-09-25 ⚠,18750000,Belum Dibayar,0,18750000,,Menunggu,Teknik
Lumiera Garden,Pelunasan Termin 100% Furniture Lumiera Garden LK-06 (6 set),"Furniture, AC, WH, EF",2026-09-25 ⚠,34860000,Belum Dibayar,0,34860000,Sudah dikurangi dengan DP 25% dan Retensi,Menunggu,Teknik
Lumiera Garden,Pembayaran Termin 1 50% A-04 (SPK No. 022/SPK. ADP/VI/2026),Konstruksi,2026-09-25 ⚠,336000000,Belum Dibayar,0,336000000,,Menunggu,Teknik
Lumiera Garden,Pembayaran Termin 2 100% LK-23 (SPK No. 058/SPK. ADP/X/2025),Konstruksi,2026-09-25 ⚠,149175000,Belum Dibayar,0,149175000,,Menunggu,Teknik
Lumiera Garden,Pembayaran Pekerjaan Tambahan LK-23,Konstruksi,2026-09-25 ⚠,8210000,Belum Dibayar,0,8210000,,Menunggu,Teknik
Lumiera Garden,Pembayaran Retensi 5% LK-04 (SPK No. 037/SPK. ADP/VII/2025),Konstruksi,2026-09-25 ⚠,16681250,Belum Dibayar,0,16681250,BCA No Rek. 4401216116 A.N Eddy Suryanto,Menunggu,Teknik
Lumiera Garden,Pembayaran Retensi 5% LK-11 (SPK No. 025/SPK. ADP/V/2025),Konstruksi,2026-09-25 ⚠,16481250,Belum Dibayar,0,16481250,Sudah dikurangi dengan biaya perbaikan popma Rp. 200.000. Pembayaran ke BCA No Rek. 4401216116 A.N Eddy Suryanto,Menunggu,Teknik
Lumiera Garden,Pembayaran Retensi 5% LK-12 (SPK No. 022/SPK. ADP/IV/2025),Konstruksi,2026-09-25 ⚠,16375000,Belum Dibayar,0,16375000,"Sudah dikurangi dengan biaya perbaikan retak Rp. 200.000, Pembayaran ke BCA No Rek. 4401216116 A.N Eddy Suryanto",Menunggu,Teknik
Lumiera Garden,Pembayaran Termin 100% (Perbaikan) LK-06 (SPK No. 036/SPK.ADP/VI/2025),Konstruksi,2026-09-25 ⚠,4226000,Belum Dibayar,0,4226000,Dipotongkan retensi (desta),Menunggu,Teknik
Lumiera Garden,Pasang Baru Kwh Meter LK-05 (6 Kamar 1 Fasum),Token Listrik,2026-09-25 ⚠,8998900,Belum Dibayar,0,8998900,Pembayaran Menggunakan NOREG,Menunggu,Teknik
Mayana Resort,Termin 1 50% Pekerjaan Pemasangan Paving dan Pagar Mayana Resort,Konstruksi,2026-09-25 ⚠,100000000,Belum Dibayar,0,100000000,,Menunggu,Teknik
Mayana Resort,DP 50% Top Table Material Resin Ukuran 150x59 cm (Gallery Marketing),"Furniture, AC, WH, EF",2026-09-25 ⚠,1200000,Belum Dibayar,0,1200000,BCA No Rek. 0010614309 A.N Nadran Syah,Menunggu,Teknik
Mayana Resort,Pelunasan Top Table Material Resin Ukuran 150x59 cm (Gallery Marketing),"Furniture, AC, WH, EF",2026-09-25 ⚠,1200000,Belum Dibayar,0,1200000,Pelunasan dilakukan setelah selesai pengerjaan,,Teknik
Mayana Resort,Pertalite 2 liter,Operasional,2026-09-25 ⚠,24000,Belum Dibayar,0,24000,Reimburse Pak Handik,Menunggu,Teknik
Mayana Resort,"Lee Mineral 1,5 liter",Operasional,2026-09-25 ⚠,6000,Belum Dibayar,0,6000,Reimburse Pak Handik,Menunggu,Teknik
Mayana Resort,Pembelian lahan makam Desa Sumbersekar,Desain & Legal,2026-09-18 ⚠,180000000,Belum Dibayar,0,180000000,Tunai dibayarkan lunas,,Legal
EazyKost Joyo Agung,AJB Notaris Febi,AJB & BBN,2026-09-19 ⚠,3500000,Belum Dibayar,0,3500000,Menunggu Konfirmasi User,,Legal
Mayana Resort,IZIN SIPA vendor (AMIN),Desain & Legal,2026-09-25 ⚠,65000000,Belum Dibayar,0,65000000,Menunggu invoice pembayaran,Menunggu,Legal
