Cluster,Pekerjaan,Total Anggaran,Realisasi,% Penyelesaian,Sisa Budget,Spend Sign
EazyKost Joyo Agung,Termin Lahan,6730254826,0,0.0,6730254826,
EazyKost Joyo Agung,Fasum,888393299,0,0.0,888393299,
EazyKost Joyo Agung,Marketing,771500000,0,0.0,771500000,
EazyKost Joyo Agung,Desain & Legal,578960176,0,0.0,578960176,
EazyKost Joyo Agung,Konstruksi,4710685000,0,0.0,4710685000,
EazyKost Joyo Agung,Operasional,2368724913,0,0.0,2368724913,
EazyKost Joyo Agung,Komisi Marketing,661665300,0,0.0,661665300,
EazyKost Joyo Agung,SSP/PPh,304000000,0,0.0,304000000,
EazyKost Joyo Agung,"Furniture, AC, WH, EF",1338613561,0,0.0,1338613561,
EazyKost Joyo Agung,BPHTB,42750000,0,0.0,42750000,
EazyKost Joyo Agung,PPN,149663360,0,0.0,149663360,
EazyKost Joyo Agung,AJB & BBN,48000000,0,0.0,48000000,
EazyKost Joyo Agung,Komisi Pembelian Tanah,48090000,0,0.0,48090000,
EazyKost Joyo Agung,SLF,140000000,0,0.0,140000000,
EazyKost Joyo Agung,Token Listrik,0,0,,0,
EazyKost Sigura-gura,Termin Lahan,23400000000,0,0.0,23400000000,
EazyKost Sigura-gura,Fasum,1045000000,0,0.0,1045000000,
EazyKost Sigura-gura,Marketing,1713000000,0,0.0,1713000000,
EazyKost Sigura-gura,Desain & Legal,695400000,0,0.0,695400000,
EazyKost Sigura-gura,Konstruksi,16997706360,0,0.0,16997706360,
EazyKost Sigura-gura,Operasional,2052000000,0,0.0,2052000000,
EazyKost Sigura-gura,Komisi Marketing,1632635500,0,0.0,1632635500,
EazyKost Sigura-gura,SSP/PPh,1240900000,0,0.0,1240900000,
EazyKost Sigura-gura,"Furniture, AC, WH, EF",4503930000,0,0.0,4503930000,
EazyKost Sigura-gura,BPHTB,1220000000,0,0.0,1220000000,
EazyKost Sigura-gura,PPN,4025440000,0,0.0,4025440000,
EazyKost Sigura-gura,AJB & BBN,0,0,,0,
EazyKost Sigura-gura,Komisi Pembelian Tanah,224000000,0,0.0,224000000,
EazyKost Sigura-gura,SLF,0,0,,0,
EazyKost Sigura-gura,Token Listrik,0,0,,0,
Lumiera Garden,Termin Lahan,11109300000,10186300000,91.7,923000000,
Lumiera Garden,Fasum,3075692250,3082236754,100.2,0,
Lumiera Garden,Marketing,1005000000,1523603540,151.6,0,
Lumiera Garden,Desain & Legal,1100120000,622360460,56.6,477759540,
Lumiera Garden,Konstruksi,20974200000,1878250000,9.0,19095950000,
Lumiera Garden,Operasional,1752500000,2493436013,142.3,0,
Lumiera Garden,Komisi Marketing,1476598532,581074300,39.4,895524232,
Lumiera Garden,SSP/PPh,1650687894,0,0.0,1650687894,
Lumiera Garden,"Furniture, AC, WH, EF",5336000000,20454250,0.4,5315545750,
Lumiera Garden,BPHTB,654500000,0,0.0,654500000,
Lumiera Garden,PPN,0,0,,0,
Lumiera Garden,AJB & BBN,0,0,,0,
Lumiera Garden,Komisi Pembelian Tanah,120870000,101470000,83.9,19400000,
Lumiera Garden,SLF,0,0,,0,
Lumiera Garden,Token Listrik,0,0,,0,
Mayana Resort,Termin Lahan,0,0,,0,
Mayana Resort,Fasum,0,0,,0,
Mayana Resort,Marketing,0,0,,0,
Mayana Resort,Desain & Legal,0,0,,0,
Mayana Resort,Konstruksi,0,0,,0,
Mayana Resort,Operasional,0,0,,0,
Mayana Resort,Komisi Marketing,0,0,,0,
Mayana Resort,SSP/PPh,0,0,,0,
Mayana Resort,"Furniture, AC, WH, EF",0,0,,0,
Mayana Resort,BPHTB,0,0,,0,
Mayana Resort,PPN,0,0,,0,
Mayana Resort,AJB & BBN,0,0,,0,
Mayana Resort,Komisi Pembelian Tanah,0,0,,0,
Mayana Resort,SLF,0,0,,0,
Mayana Resort,Token Listrik,0,0,,0,
Mayana II,Termin Lahan,0,0,,0,
Mayana II,Fasum,0,0,,0,
Mayana II,Marketing,0,0,,0,
Mayana II,Desain & Legal,0,0,,0,
Mayana II,Konstruksi,0,0,,0,
Mayana II,Operasional,0,0,,0,
Mayana II,Komisi Marketing,0,0,,0,
Mayana II,SSP/PPh,0,0,,0,
Mayana II,"Furniture, AC, WH, EF",0,0,,0,
Mayana II,BPHTB,0,0,,0,
Mayana II,PPN,0,0,,0,
Mayana II,AJB & BBN,0,0,,0,
Mayana II,Komisi Pembelian Tanah,0,0,,0,
Mayana II,SLF,0,0,,0,
Mayana II,Token Listrik,0,0,,0,
