Cluster,Jenis Pekerjaan,Total Anggaran Proyek,Realisasi
Edit Total Anggaran — EazyKost Joyo Agung,Termin Lahan,6730254826,0
Edit Total Anggaran — EazyKost Joyo Agung,Fasum,888393299,0
Edit Total Anggaran — EazyKost Joyo Agung,Marketing,771500000,0
Edit Total Anggaran — EazyKost Joyo Agung,Desain & Legal,578960176,0
Edit Total Anggaran — EazyKost Joyo Agung,Konstruksi,4710685000,0
Edit Total Anggaran — EazyKost Joyo Agung,Operasional,2368724913,0
Edit Total Anggaran — EazyKost Joyo Agung,Komisi Marketing,661665300,0
Edit Total Anggaran — EazyKost Joyo Agung,SSP/PPh,304000000,0
Edit Total Anggaran — EazyKost Joyo Agung,"Furniture, AC, WH, EF",1338613561,0
Edit Total Anggaran — EazyKost Joyo Agung,BPHTB,42750000,0
Edit Total Anggaran — EazyKost Joyo Agung,PPN,149663360,0
Edit Total Anggaran — EazyKost Joyo Agung,AJB & BBN,48000000,0
Edit Total Anggaran — EazyKost Joyo Agung,Komisi Pembelian Tanah,48090000,0
Edit Total Anggaran — EazyKost Joyo Agung,SLF,140000000,0
Edit Total Anggaran — EazyKost Joyo Agung,Token Listrik,,0
Edit Total Anggaran — EazyKost Sigura-gura,Termin Lahan,23400000000,0
Edit Total Anggaran — EazyKost Sigura-gura,Fasum,1045000000,0
Edit Total Anggaran — EazyKost Sigura-gura,Marketing,1713000000,0
Edit Total Anggaran — EazyKost Sigura-gura,Desain & Legal,695400000,0
Edit Total Anggaran — EazyKost Sigura-gura,Konstruksi,16997706360,0
Edit Total Anggaran — EazyKost Sigura-gura,Operasional,2052000000,0
Edit Total Anggaran — EazyKost Sigura-gura,Komisi Marketing,1632635500,0
Edit Total Anggaran — EazyKost Sigura-gura,SSP/PPh,1240900000,0
Edit Total Anggaran — EazyKost Sigura-gura,"Furniture, AC, WH, EF",4503930000,0
Edit Total Anggaran — EazyKost Sigura-gura,BPHTB,1220000000,0
Edit Total Anggaran — EazyKost Sigura-gura,PPN,4025440000,0
Edit Total Anggaran — EazyKost Sigura-gura,AJB & BBN,,0
Edit Total Anggaran — EazyKost Sigura-gura,Komisi Pembelian Tanah,224000000,0
Edit Total Anggaran — EazyKost Sigura-gura,SLF,,0
Edit Total Anggaran — EazyKost Sigura-gura,Token Listrik,,0
Edit Total Anggaran — Lumiera Garden,Termin Lahan,11109300000,10186300000
Edit Total Anggaran — Lumiera Garden,Fasum,3075692250,3082236754
Edit Total Anggaran — Lumiera Garden,Marketing,1005000000,1523603540
Edit Total Anggaran — Lumiera Garden,Desain & Legal,1100120000,622360460
Edit Total Anggaran — Lumiera Garden,Konstruksi,20974200000,1878250000
Edit Total Anggaran — Lumiera Garden,Operasional,1752500000,2493436013
Edit Total Anggaran — Lumiera Garden,Komisi Marketing,1476598532,581074300
Edit Total Anggaran — Lumiera Garden,SSP/PPh,1650687894,0
Edit Total Anggaran — Lumiera Garden,"Furniture, AC, WH, EF",5336000000,20454250
Edit Total Anggaran — Lumiera Garden,BPHTB,654500000,0
Edit Total Anggaran — Lumiera Garden,PPN,,0
Edit Total Anggaran — Lumiera Garden,AJB & BBN,,0
Edit Total Anggaran — Lumiera Garden,Komisi Pembelian Tanah,120870000,101470000
Edit Total Anggaran — Lumiera Garden,SLF,,0
Edit Total Anggaran — Lumiera Garden,Token Listrik,,0
Edit Total Anggaran — Mayana Resort,Termin Lahan,,0
Edit Total Anggaran — Mayana Resort,Fasum,,0
Edit Total Anggaran — Mayana Resort,Marketing,,0
Edit Total Anggaran — Mayana Resort,Desain & Legal,,0
Edit Total Anggaran — Mayana Resort,Konstruksi,,0
Edit Total Anggaran — Mayana Resort,Operasional,,0
Edit Total Anggaran — Mayana Resort,Komisi Marketing,,0
Edit Total Anggaran — Mayana Resort,SSP/PPh,,0
Edit Total Anggaran — Mayana Resort,"Furniture, AC, WH, EF",,0
Edit Total Anggaran — Mayana Resort,BPHTB,,0
Edit Total Anggaran — Mayana Resort,PPN,,0
Edit Total Anggaran — Mayana Resort,AJB & BBN,,0
Edit Total Anggaran — Mayana Resort,Komisi Pembelian Tanah,,0
Edit Total Anggaran — Mayana Resort,SLF,,0
Edit Total Anggaran — Mayana Resort,Token Listrik,,0
Edit Total Anggaran — Mayana II,Termin Lahan,,0
Edit Total Anggaran — Mayana II,Fasum,,0
Edit Total Anggaran — Mayana II,Marketing,,0
Edit Total Anggaran — Mayana II,Desain & Legal,,0
Edit Total Anggaran — Mayana II,Konstruksi,,0
Edit Total Anggaran — Mayana II,Operasional,,0
Edit Total Anggaran — Mayana II,Komisi Marketing,,0
Edit Total Anggaran — Mayana II,SSP/PPh,,0
Edit Total Anggaran — Mayana II,"Furniture, AC, WH, EF",,0
Edit Total Anggaran — Mayana II,BPHTB,,0
Edit Total Anggaran — Mayana II,PPN,,0
Edit Total Anggaran — Mayana II,AJB & BBN,,0
Edit Total Anggaran — Mayana II,Komisi Pembelian Tanah,,0
Edit Total Anggaran — Mayana II,SLF,,0
Edit Total Anggaran — Mayana II,Token Listrik,,0
