Tanggal,Jenis,Cluster,Diajukan Oleh,Keperluan,Rekening Tujuan,Jumlah,Bukti,Status,Status Pembayaran,Alasan,Sumber Role
2026-10-02 03:25:23,Anggaran,Mayana Resort,Handik,Termin 2 Gallery Marketing Mayana ResortPembayaran sesuai SPK Rp. 165.000.000(dari Budgeting),BCA — 3150914328Arifin,165000000,,Menunggu,,,Direktur
2026-10-02 03:24:24,Reimbursement,Mayana Resort,Handik,Sok 3/4 (Fasum)Reimburse Pak Handik(dari Budgeting),BCA — 3151716961Handik Purwo Sasono,4000,,Menunggu,,,Direktur
2026-10-02 03:24:02,Anggaran,Mayana Resort,Handik,Lem PVC (Fasum)Reimburse Pak Handik(dari Budgeting),BCA — 3151716961Handik Purwo Sasono,10000,,Menunggu,,,Direktur
2026-10-02 03:23:33,Reimbursement,Mayana Resort,Handik,Stop Kran 1 1/4 (Fasum)Reimburse Pak Handik(dari Budgeting),BCA — 3151716961Handik Purwo Sasono,80000,,Menunggu,,,Direktur
2026-10-02 03:22:29,Anggaran,Lumiera Garden,Handik,Pekerjaan Kanopi dan Plafon LK-06(dari Budgeting),BRI — 42901035319505Arifin,11013000,,Menunggu,,,Direktur
2026-10-02 03:21:39,Reimbursement,Lumiera Garden,Handik,MCB Broco (Gallery Marketing Lumiera)Reimburse Pak Handik(dari Budgeting),BCA — 3151716961Handik Purwo Sasono,55000,,Menunggu,,,Direktur
2026-10-02 03:20:54,Anggaran,Lumiera Garden,Handik,Termin 1 50% LK-18 (SPK No. 024/SPK.ADP/VI/2026)-Rio DanansartikaBCA No Rek. 4400050878 A.N Rio Danansartika(dari Budgeting),,182750000,,Menunggu,,,Direktur
2026-10-02 03:20:25,Anggaran,Lumiera Garden,Handik,Termin 1 50% LK-15 (SPK No. 023/SPK.ADP/VI/2026)-Rio DanansartikaBCA No Rek. 4400050878 A.N Rio Danansartika(dari Budgeting),,182750000,,Menunggu,,,Direktur
2026-10-02 03:17:55,Anggaran,Lumiera Garden,Handik,DP 25% Furniture LK-05 6 set Pernoto(dari Budgeting),BRI — 638601024169535Dwi Kristiowati,12450000,,Menunggu,,,Direktur
2026-10-02 03:17:14,Anggaran,EazyKost Joyo Agung,Handik,"Tagihan Listrik RK-06 (Fasum)Pembayaran Menggunakan NOREG, Sudah terbayarkan tanggal 29/09/2026(dari Budgeting)",,93636,,Menunggu,,,Direktur
2026-10-02 03:15:35,Reimbursement,EazyKost Sigura-gura,Handik,SDD (1 biji) Kavling A-04Reimburse Pak Handik(dari Budgeting),BCA — 3151716961Handik Purwo Sasono,6500,,Menunggu,,,Direktur
2026-10-02 03:15:04,Anggaran,EazyKost Sigura-gura,Handik,Knee (3 biji) Kavling A-04Reimburse Pak Handik(dari Budgeting),BCA — 3151716961Handik Purwo Sasono,19500,,Menunggu,,,Direktur
2026-10-02 03:14:34,Anggaran,EazyKost Sigura-gura,Handik,Stop Kran (1 biji) Kavling A-04(dari Budgeting),BCA — 3151716961Handik Purwo Sasono,25000,,Menunggu,,,Direktur
2026-10-02 03:14:10,Anggaran,EazyKost Sigura-gura,Handik,Lem (1 biji) Kavling A-04Reimburse Pak Handik(dari Budgeting),BCA — 3151716961Handik Purwo Sasono,18500,,Menunggu,,,Direktur
2026-10-02 03:13:47,Anggaran,EazyKost Sigura-gura,Handik,TBA (2 biji) Kavling A-04Reimburse Pak Handik(dari Budgeting),BCA — 3151716961Handik Purwo Sasono,14000,,Menunggu,,,Direktur
2026-10-02 03:13:19,Reimbursement,EazyKost Sigura-gura,Handik,Sok (2 biji) Kavling A-04Reimburse Pak Handik(dari Budgeting),BCA — 3151716961Handik Purwo Sasono,13000,,Menunggu,,,Direktur
2026-10-02 03:12:40,Reimbursement,EazyKost Sigura-gura,Handik,Tee (1 biji) Kavling A-04(dari Budgeting),BCA — 3151716961Handik Purwo Sasono,9000,,Menunggu,,,Direktur
2026-10-02 03:07:59,Reimbursement,EazyKost Sigura-gura,Handik,Knee (2 biji) Kavling A-04(dari Budgeting),BCA — 3151716961Handik Purwo Sasono,13000,,Menunggu,,,Direktur
2026-10-02 03:07:03,Anggaran,EazyKost Sigura-gura,Handik,SDD (1 biji) Kavling A-04Reimburse Pak Handik(dari Budgeting),BCA — 3151716961Handik Purwo Sasono,6500,,Menunggu,,,Direktur
2026-10-02 03:06:37,Reimbursement,EazyKost Sigura-gura,Handik,WM (1 biji) Kavling A-04Reimburse Pak Handik(dari Budgeting),BCA — 3151716961Handik Purwo Sasono,35000,,Menunggu,,,Direktur
2026-10-02 03:04:56,Anggaran,EazyKost Sigura-gura,Handik,DP 25% Furniture A-05 13 set Pernoto(dari Budgeting),BRI — 638601024169535Dwi Kristiowati,24375000,,Menunggu,,,Direktur
2026-09-30 04:40:28,Anggaran,EazyKost Joyo Agung,Maria,"Pelunasan Kajian teknis SLF dan Perhitungan Struktur Eazy Kost Joyo Agungpekerjaan untuk kavking RK-1,2,3,6,7,10,11,13,14,(dari Budgeting)",BCA — 8161129330Mochamad Aminudin Haqqi,10000000,,Menunggu,,,Direktur
2026-09-30 04:39:54,Anggaran,EazyKost Joyo Agung,Maria,"PPH Billing 1 Syailendra Kurang Bayar untuk Kavling RK-03dibayarka segera, untuk proses Balik Nama Kav RK-03(dari Budgeting)",,5281100,,Menunggu,,,Direktur
2026-09-29 07:05:53,Anggaran,Mayana Resort,Maria,"SPS Permohonan HGB(Pelayanan Pemeriksaan Tanah) tahap 1 Luas 5,754 M2dibayar urgent hari ini untuk percepatan REKENING (SImponi 820260929328541)(dari Budgeting)",,580160,,Disetujui,Belum Dibayar,,Direktur
2026-09-23 02:22:23,Anggaran,Mayana Resort,Handik,"Lee Mineral 1,5 literUntuk pembersihan lahan Kendalsari(dari Budgeting)",BCA — 3151716961Handik Purwo Sasono,6000,,Menunggu,,,Direktur
2026-09-23 02:21:57,Reimbursement,Mayana Resort,Handik,Pertalite 2 literUntuk pembersihan lahan Kendalsari(dari Budgeting),BCA — 3151716961Handik Purwo Sasono,24000,,Menunggu,,,Direktur
2026-09-23 02:21:10,Anggaran,Mayana Resort,Handik,DP 50% Top Table Material Resin Ukuran 150x59 cm (Gallery Marketing)BCA No Rek. 0010614309 A.N Nadran Syah(dari Budgeting),,1200000,,Menunggu,,,Direktur
2026-09-23 02:20:46,Anggaran,Mayana Resort,Handik,Termin 1 50% Pekerjaan Pemasangan Paving dan Pagar Mayana Resort(dari Budgeting),BCA — 3150914328Arifin,100000000,,Menunggu,,,Direktur
2026-09-23 02:19:54,Anggaran,Lumiera Garden,Handik,Pasang Baru Kwh Meter LK-05 (6 Kamar 1 Fasum)Pembayaran Menggunakan NOREG(dari Budgeting),,8998900,,Menunggu,,,Direktur
2026-09-23 02:19:07,Anggaran,Lumiera Garden,Handik,Pembayaran Termin 100% (Perbaikan) LK-06 (SPK No. 036/SPK.ADP/VI/2025)Dipotongkan retensi (desta)(dari Budgeting),BSI — 7176962498Riadi,4226000,,Menunggu,,,Direktur
2026-09-23 02:18:31,Anggaran,Lumiera Garden,Handik,"Pembayaran Retensi 5% LK-12 (SPK No. 022/SPK. ADP/IV/2025)Sudah dikurangi dengan biaya perbaikan retak Rp. 200.000, Pembayaran ke BCA No Rek. 4401216116 A.N Eddy Suryanto(dari Budgeting)",,16375000,,Menunggu,,,Direktur
2026-09-23 02:18:08,Anggaran,Lumiera Garden,Handik,Pembayaran Retensi 5% LK-11 (SPK No. 025/SPK. ADP/V/2025)Sudah dikurangi dengan biaya perbaikan popma Rp. 200.000. Pembayaran ke BCA No Rek. 4401216116 A.N Eddy Suryanto(dari Budgeting),,16481250,,Menunggu,,,Direktur
2026-09-23 02:17:51,Anggaran,Lumiera Garden,Handik,Pembayaran Retensi 5% LK-04 (SPK No. 037/SPK. ADP/VII/2025)BCA No Rek. 4401216116 A.N Eddy Suryanto(dari Budgeting),,16681250,,Menunggu,,,Direktur
2026-09-23 02:17:13,Anggaran,Lumiera Garden,Handik,Pembayaran Pekerjaan Tambahan LK-23(dari Budgeting),BCA — 0190764672Siswoyo,8210000,,Menunggu,,,Direktur
2026-09-23 02:16:53,Anggaran,Lumiera Garden,Handik,Pembayaran Termin 2 100% LK-23 (SPK No. 058/SPK. ADP/X/2025)(dari Budgeting),BCA — 0190764672Siswoyo,149175000,,Menunggu,,,Direktur
2026-09-23 02:16:27,Anggaran,Lumiera Garden,Handik,Pembayaran Termin 1 50% A-04 (SPK No. 022/SPK. ADP/VI/2026)(dari Budgeting),BCA — 0190764672Siswoyo,336000000,,Menunggu,,,Direktur
2026-09-23 02:15:26,Anggaran,Lumiera Garden,Handik,Pelunasan Termin 100% Furniture Lumiera Garden LK-06 (6 set)Sudah dikurangi dengan DP 25% dan Retensi(dari Budgeting),BRI — 638601024169535Dwi Kristiowati,34860000,,Menunggu,,,Direktur
2026-09-23 02:14:46,Anggaran,EazyKost Sigura-gura,Handik,DP 25 % Furniture Eazy Kost Kavling B-10 (10 set)(dari Budgeting),BRI — 638601024169535Dwi Kristiowati,18750000,,Menunggu,,,Direktur
2026-09-17 06:18:33,Anggaran,Lumiera Garden,Admin Lumiera Garden,Komisi LK-5(dari Budgeting),Rek 1: BCA — 3312155335Nominal 1: Rp 12.000.000Catatan 1: MarketingRek 2: BCA — 2580228804Nominal 2: Rp 8.000.000Catatan 2: SPV Marketing,20000000,,Disetujui,Belum Dibayar,,Direktur
2026-09-17 06:03:41,Anggaran,Lumiera Garden,Admin Lumiera Garden,Komisi A-03 Lumiera(dari Budgeting),Rek 1: BCA — 3312155335Nominal 1: Rp 20.000.000Catatan 1: -Rek 2: BCA — 2890026454Nominal 2: Rp 24.477.000Catatan 2: -,44477000,,Disetujui,Belum Dibayar,,Direktur
2026-09-17 05:05:34,Anggaran,Lumiera Garden,Admin Lumiera Garden,Komisi A-03 (SPV Marketing)(dari Budgeting),BCA — 2890026454Achmad Nur Fahrudin,8825000,,Menunggu,,,Direktur
2026-09-17 05:02:08,Anggaran,Lumiera Garden,Admin Lumiera Garden,Komisi A-03 (Marketing)(dari Budgeting),BNI — 0446359235Prayitno Wira Setiawan,17650000,,Menunggu,,,Direktur
2026-09-17 04:02:34,Anggaran,Lumiera Garden,Handik,Pelunasan Pernoto 6 set LK-22(dari Budgeting),BRI — 638601024169535Dwi Kristiowati,34860000,,Disetujui,Belum Dibayar,,Direktur
2026-09-17 03:57:50,Anggaran,Lumiera Garden,Handik,Pelunasan Pernoto 6 set(dari Budgeting),BRI — 638601024169535Dwi Kristiowati,34860000,,Disetujui,Belum Dibayar,,Direktur
2026-09-17 03:51:53,Anggaran,Lumiera Garden,Novita,Wifi Kantor Ruko Suhat(dari Budgeting),WIFI — 7111701000274460Yohanes Anugrah,416250,,Menunggu,,,Direktur
2026-09-15 08:55:46,Anggaran,Mayana Resort,Maria,IZIN SIPA vendor (AMIN)Menunggu invoice pembayaran(dari Budgeting),BCA — 8161129330Mochamad Aminudin Haqqi,65000000,,Menunggu,,,Direktur
2026-09-17 03:51:53,Anggaran,Lumiera Garden,,Wifi Kantor Ruko Suhat(dari Budgeting),WIFI — 7111701000274460Yohanes Anugrah,416250,,Menunggu,,,Operasional
2026-10-02 03:25:23,Anggaran,Mayana Resort,,Termin 2 Gallery Marketing Mayana ResortPembayaran sesuai SPK Rp. 165.000.000(dari Budgeting),BCA — 3150914328Arifin,165000000,,Menunggu,,,Teknik
2026-10-02 03:24:24,Reimbursement,Mayana Resort,,Sok 3/4 (Fasum)Reimburse Pak Handik(dari Budgeting),BCA — 3151716961Handik Purwo Sasono,4000,,Menunggu,,,Teknik
2026-10-02 03:24:02,Anggaran,Mayana Resort,,Lem PVC (Fasum)Reimburse Pak Handik(dari Budgeting),BCA — 3151716961Handik Purwo Sasono,10000,,Menunggu,,,Teknik
2026-10-02 03:23:33,Reimbursement,Mayana Resort,,Stop Kran 1 1/4 (Fasum)Reimburse Pak Handik(dari Budgeting),BCA — 3151716961Handik Purwo Sasono,80000,,Menunggu,,,Teknik
2026-10-02 03:22:29,Anggaran,Lumiera Garden,,Pekerjaan Kanopi dan Plafon LK-06(dari Budgeting),BRI — 42901035319505Arifin,11013000,,Menunggu,,,Teknik
2026-10-02 03:21:39,Reimbursement,Lumiera Garden,,MCB Broco (Gallery Marketing Lumiera)Reimburse Pak Handik(dari Budgeting),BCA — 3151716961Handik Purwo Sasono,55000,,Menunggu,,,Teknik
2026-10-02 03:20:54,Anggaran,Lumiera Garden,,Termin 1 50% LK-18 (SPK No. 024/SPK.ADP/VI/2026)-Rio DanansartikaBCA No Rek. 4400050878 A.N Rio Danansartika(dari Budgeting),,182750000,,Menunggu,,,Teknik
2026-10-02 03:20:25,Anggaran,Lumiera Garden,,Termin 1 50% LK-15 (SPK No. 023/SPK.ADP/VI/2026)-Rio DanansartikaBCA No Rek. 4400050878 A.N Rio Danansartika(dari Budgeting),,182750000,,Menunggu,,,Teknik
2026-10-02 03:17:55,Anggaran,Lumiera Garden,,DP 25% Furniture LK-05 6 set Pernoto(dari Budgeting),BRI — 638601024169535Dwi Kristiowati,12450000,,Menunggu,,,Teknik
2026-10-02 03:17:14,Anggaran,EazyKost Joyo Agung,,"Tagihan Listrik RK-06 (Fasum)Pembayaran Menggunakan NOREG, Sudah terbayarkan tanggal 29/09/2026(dari Budgeting)",,93636,,Menunggu,,,Teknik
2026-10-02 03:15:35,Reimbursement,EazyKost Sigura-gura,,SDD (1 biji) Kavling A-04Reimburse Pak Handik(dari Budgeting),BCA — 3151716961Handik Purwo Sasono,6500,,Menunggu,,,Teknik
2026-10-02 03:15:04,Anggaran,EazyKost Sigura-gura,,Knee (3 biji) Kavling A-04Reimburse Pak Handik(dari Budgeting),BCA — 3151716961Handik Purwo Sasono,19500,,Menunggu,,,Teknik
2026-10-02 03:14:34,Anggaran,EazyKost Sigura-gura,,Stop Kran (1 biji) Kavling A-04(dari Budgeting),BCA — 3151716961Handik Purwo Sasono,25000,,Menunggu,,,Teknik
2026-10-02 03:14:10,Anggaran,EazyKost Sigura-gura,,Lem (1 biji) Kavling A-04Reimburse Pak Handik(dari Budgeting),BCA — 3151716961Handik Purwo Sasono,18500,,Menunggu,,,Teknik
2026-10-02 03:13:47,Anggaran,EazyKost Sigura-gura,,TBA (2 biji) Kavling A-04Reimburse Pak Handik(dari Budgeting),BCA — 3151716961Handik Purwo Sasono,14000,,Menunggu,,,Teknik
2026-10-02 03:13:19,Reimbursement,EazyKost Sigura-gura,,Sok (2 biji) Kavling A-04Reimburse Pak Handik(dari Budgeting),BCA — 3151716961Handik Purwo Sasono,13000,,Menunggu,,,Teknik
2026-10-02 03:12:40,Reimbursement,EazyKost Sigura-gura,,Tee (1 biji) Kavling A-04(dari Budgeting),BCA — 3151716961Handik Purwo Sasono,9000,,Menunggu,,,Teknik
2026-10-02 03:07:59,Reimbursement,EazyKost Sigura-gura,,Knee (2 biji) Kavling A-04(dari Budgeting),BCA — 3151716961Handik Purwo Sasono,13000,,Menunggu,,,Teknik
2026-10-02 03:07:03,Anggaran,EazyKost Sigura-gura,,SDD (1 biji) Kavling A-04Reimburse Pak Handik(dari Budgeting),BCA — 3151716961Handik Purwo Sasono,6500,,Menunggu,,,Teknik
2026-10-02 03:06:37,Reimbursement,EazyKost Sigura-gura,,WM (1 biji) Kavling A-04Reimburse Pak Handik(dari Budgeting),BCA — 3151716961Handik Purwo Sasono,35000,,Menunggu,,,Teknik
2026-10-02 03:04:56,Anggaran,EazyKost Sigura-gura,,DP 25% Furniture A-05 13 set Pernoto(dari Budgeting),BRI — 638601024169535Dwi Kristiowati,24375000,,Menunggu,,,Teknik
2026-09-23 02:22:23,Anggaran,Mayana Resort,,"Lee Mineral 1,5 literUntuk pembersihan lahan Kendalsari(dari Budgeting)",BCA — 3151716961Handik Purwo Sasono,6000,,Menunggu,,,Teknik
2026-09-23 02:21:57,Reimbursement,Mayana Resort,,Pertalite 2 literUntuk pembersihan lahan Kendalsari(dari Budgeting),BCA — 3151716961Handik Purwo Sasono,24000,,Menunggu,,,Teknik
2026-09-23 02:21:10,Anggaran,Mayana Resort,,DP 50% Top Table Material Resin Ukuran 150x59 cm (Gallery Marketing)BCA No Rek. 0010614309 A.N Nadran Syah(dari Budgeting),,1200000,,Menunggu,,,Teknik
2026-09-23 02:20:46,Anggaran,Mayana Resort,,Termin 1 50% Pekerjaan Pemasangan Paving dan Pagar Mayana Resort(dari Budgeting),BCA — 3150914328Arifin,100000000,,Menunggu,,,Teknik
2026-09-23 02:19:54,Anggaran,Lumiera Garden,,Pasang Baru Kwh Meter LK-05 (6 Kamar 1 Fasum)Pembayaran Menggunakan NOREG(dari Budgeting),,8998900,,Menunggu,,,Teknik
2026-09-23 02:19:07,Anggaran,Lumiera Garden,,Pembayaran Termin 100% (Perbaikan) LK-06 (SPK No. 036/SPK.ADP/VI/2025)Dipotongkan retensi (desta)(dari Budgeting),BSI — 7176962498Riadi,4226000,,Menunggu,,,Teknik
2026-09-23 02:18:31,Anggaran,Lumiera Garden,,"Pembayaran Retensi 5% LK-12 (SPK No. 022/SPK. ADP/IV/2025)Sudah dikurangi dengan biaya perbaikan retak Rp. 200.000, Pembayaran ke BCA No Rek. 4401216116 A.N Eddy Suryanto(dari Budgeting)",,16375000,,Menunggu,,,Teknik
2026-09-23 02:18:08,Anggaran,Lumiera Garden,,Pembayaran Retensi 5% LK-11 (SPK No. 025/SPK. ADP/V/2025)Sudah dikurangi dengan biaya perbaikan popma Rp. 200.000. Pembayaran ke BCA No Rek. 4401216116 A.N Eddy Suryanto(dari Budgeting),,16481250,,Menunggu,,,Teknik
2026-09-23 02:17:51,Anggaran,Lumiera Garden,,Pembayaran Retensi 5% LK-04 (SPK No. 037/SPK. ADP/VII/2025)BCA No Rek. 4401216116 A.N Eddy Suryanto(dari Budgeting),,16681250,,Menunggu,,,Teknik
2026-09-23 02:17:13,Anggaran,Lumiera Garden,,Pembayaran Pekerjaan Tambahan LK-23(dari Budgeting),BCA — 0190764672Siswoyo,8210000,,Menunggu,,,Teknik
2026-09-23 02:16:53,Anggaran,Lumiera Garden,,Pembayaran Termin 2 100% LK-23 (SPK No. 058/SPK. ADP/X/2025)(dari Budgeting),BCA — 0190764672Siswoyo,149175000,,Menunggu,,,Teknik
2026-09-23 02:16:27,Anggaran,Lumiera Garden,,Pembayaran Termin 1 50% A-04 (SPK No. 022/SPK. ADP/VI/2026)(dari Budgeting),BCA — 0190764672Siswoyo,336000000,,Menunggu,,,Teknik
2026-09-23 02:15:26,Anggaran,Lumiera Garden,,Pelunasan Termin 100% Furniture Lumiera Garden LK-06 (6 set)Sudah dikurangi dengan DP 25% dan Retensi(dari Budgeting),BRI — 638601024169535Dwi Kristiowati,34860000,,Menunggu,,,Teknik
2026-09-23 02:14:46,Anggaran,EazyKost Sigura-gura,,DP 25 % Furniture Eazy Kost Kavling B-10 (10 set)(dari Budgeting),BRI — 638601024169535Dwi Kristiowati,18750000,,Menunggu,,,Teknik
2026-09-17 04:02:34,Anggaran,Lumiera Garden,,Pelunasan Pernoto 6 set LK-22(dari Budgeting),BRI — 638601024169535Dwi Kristiowati,34860000,,Disetujui,Belum Dibayar,,Teknik
2026-09-17 03:57:50,Anggaran,Lumiera Garden,,Pelunasan Pernoto 6 set(dari Budgeting),BRI — 638601024169535Dwi Kristiowati,34860000,,Disetujui,Belum Dibayar,,Teknik
2026-09-30 04:40:28,Anggaran,EazyKost Joyo Agung,,"Pelunasan Kajian teknis SLF dan Perhitungan Struktur Eazy Kost Joyo Agungpekerjaan untuk kavking RK-1,2,3,6,7,10,11,13,14,(dari Budgeting)",BCA — 8161129330Mochamad Aminudin Haqqi,10000000,,Menunggu,,,Legal
2026-09-30 04:39:54,Anggaran,EazyKost Joyo Agung,,"PPH Billing 1 Syailendra Kurang Bayar untuk Kavling RK-03dibayarka segera, untuk proses Balik Nama Kav RK-03(dari Budgeting)",,5281100,,Menunggu,,,Legal
2026-09-29 07:05:53,Anggaran,Mayana Resort,,"SPS Permohonan HGB(Pelayanan Pemeriksaan Tanah) tahap 1 Luas 5,754 M2dibayar urgent hari ini untuk percepatan REKENING (SImponi 820260929328541)(dari Budgeting)",,580160,,Disetujui,Belum Dibayar,,Legal
2026-09-15 08:55:46,Anggaran,Mayana Resort,,IZIN SIPA vendor (AMIN)Menunggu invoice pembayaran(dari Budgeting),BCA — 8161129330Mochamad Aminudin Haqqi,65000000,,Menunggu,,,Legal
