Jenis,Data,Perusahaan,Dihapus Oleh,Waktu
Budgeting,Biaya Akta dan Notaris,EazyKost Sigura-gura,Maria,02/10/2026 04:35
Budgeting,Biaya Akta dan Notaris,EazyKost Sigura-gura,Maria,02/10/2026 04:35
Budgeting,Biaya Akta dan Notaris,EazyKost Sigura-gura,Maria,02/10/2026 04:35
Budgeting,Biaya Akta dan Notaris,EazyKost Sigura-gura,Maria,02/10/2026 04:35
Budgeting,Biaya Akta dan Notaris,EazyKost Sigura-gura,Maria,02/10/2026 04:34
Budgeting,Biaya Akta dan Notaris,EazyKost Sigura-gura,Maria,02/10/2026 04:34
Budgeting,Biaya Akta dan Notaris,EazyKost Sigura-gura,Maria,02/10/2026 04:34
Budgeting,Biaya Akta dan Notaris,EazyKost Sigura-gura,Maria,02/10/2026 04:34
Budgeting,Biaya Akta dan Notaris,EazyKost Sigura-gura,Maria,02/10/2026 04:34
Budgeting,Biaya Akta dan Notaris,EazyKost Sigura-gura,Maria,02/10/2026 04:34
Budgeting,Biaya Akta dan Notaris,EazyKost Sigura-gura,Maria,02/10/2026 04:34
Budgeting,perawatan taman,Lumiera Garden,Admin Lumiera Garden,02/10/2026 02:40
fund_request,PPH Billing 1 Syailendra Kurang Bayar untuk Kavling RK-03,EazyKost Joyo Agung,Direktur,30/09/2026 04:39
fund_request,Pelunasan Kajian teknis SLF dan Perhitungan Struktur Eazy Kost Joyo Agung,EazyKost Joyo Agung,Direktur,30/09/2026 04:38
fund_request,Angsuran Innova Ke-20,EazyKost Joyo Agung,Direktur,29/09/2026 07:28
fund_request,Pembelian lahan makam Desa Sumbersekar,Mayana Resort,Direktur,29/09/2026 07:26
fund_request,Tes Bayar,EazyKost Joyo Agung,Direktur,29/09/2026 07:26
fund_request,Lampu taman,Lumiera Garden,Direktur,29/09/2026 07:26
fund_request,Beli Meja,EazyKost Sigura-gura,Direktur,29/09/2026 07:26
fund_request,Beli ABC,EazyKost Sigura-gura,Direktur,29/09/2026 07:26
fund_request,lampu depan LK2,Lumiera Garden,Direktur,29/09/2026 07:26
fund_request,Pipa AC,Lumiera Garden,Direktur,29/09/2026 07:26
Transaksi,KAS_KELUAR - Tarikan Tunai,Lumiera Garden,Admin Lumiera Garden,28/09/2026 06:46
Transaksi,KAS_KELUAR - Tarikan Tunai,Lumiera Garden,Admin Lumiera Garden,28/09/2026 06:45
Transaksi,KAS_MASUK - (Uji Coba),Lumiera Garden,Admin Lumiera Garden,26/09/2026 04:08
Transaksi,KAS_KELUAR - Refund ITJ (Uji Coba),Lumiera Garden,Admin Lumiera Garden,26/09/2026 04:08
Transaksi,PENYESUAIAN - Refund A-1 (Uji Coba),Lumiera Garden,Admin Lumiera Garden,26/09/2026 04:05
Budgeting,Tes Denny Komisi,EazyKost Joyo Agung,Admin PT Adhiland Joyo Agung,25/09/2026 09:11
Budgeting,Tes Bayar 2,EazyKost Joyo Agung,Admin PT Adhiland Joyo Agung,25/09/2026 09:11
Budgeting,Komisi A-03 (Marketing),Lumiera Garden,Admin Lumiera Garden,25/09/2026 07:48
Budgeting,Wifi Kantor Ruko Suhat,Lumiera Garden,Admin Lumiera Garden,25/09/2026 07:47
Budgeting,Jasa Kebersihan & Perawatan Lumiera Garden (17 Agt - 17 Sept 2026),Lumiera Garden,Admin Lumiera Garden,25/09/2026 07:47
Budgeting,Komisi A-03 (SPV Marketing),Lumiera Garden,Admin Lumiera Garden,25/09/2026 07:47
