Detail ID,Cluster,Kavling,Tanggal,Persentase,Dicatat oleh
7,EazyKost Joyo Agung,RK 07,2026-09-21,95,Handik
16,EazyKost Sigura-gura,A 2,2026-01-16,100,
17,EazyKost Sigura-gura,B 4,2026-01-16,100,
18,EazyKost Sigura-gura,B 3,2026-01-16,100,
19,EazyKost Sigura-gura,B 1,2026-01-16,100,
20,EazyKost Sigura-gura,B 2,2026-01-16,100,
21,EazyKost Sigura-gura,A 7,2026-01-16,100,
22,EazyKost Sigura-gura,B 5,2026-01-16,100,
25,EazyKost Sigura-gura,B 8,2026-01-16,100,
48,Lumiera Garden,LK 22,2026-09-18,95,Handik
