Detail ID,Cluster,Kavling,Item,Nilai,Biaya Pasang,Terbayar / Terbeli
1,EazyKost Joyo Agung,RK 01,Furniture,13.125.000,,0
1,EazyKost Joyo Agung,RK 01,AC,17.500.000,3150000,0
1,EazyKost Joyo Agung,RK 01,Water Heater,11.674.509,0,0
1,EazyKost Joyo Agung,RK 01,Exhaust Fan,2.205.000,840000,0
1,EazyKost Joyo Agung,RK 01,Taman,0,,0
1,EazyKost Joyo Agung,RK 01,Pompa Pendorong,0,,0
1,EazyKost Joyo Agung,RK 01,Papan Nama Kavling/Kamar,0,,0
1,EazyKost Joyo Agung,RK 01,Tangga Monyet,650.000,,0
1,EazyKost Joyo Agung,RK 01,Perlengkapan Lainnya,Rp 365.000 — item lain di luar daftar di atas,,
2,EazyKost Joyo Agung,RK 02,Furniture,52.500.000,,0
2,EazyKost Joyo Agung,RK 02,AC,17.598.000,7469000,0
2,EazyKost Joyo Agung,RK 02,Water Heater,11.674.509,0,0
2,EazyKost Joyo Agung,RK 02,Exhaust Fan,2.205.000,840000,0
2,EazyKost Joyo Agung,RK 02,Taman,700.000,,0
2,EazyKost Joyo Agung,RK 02,Pompa Pendorong,890.000,,0
2,EazyKost Joyo Agung,RK 02,Papan Nama Kavling/Kamar,0,,0
2,EazyKost Joyo Agung,RK 02,Tangga Monyet,0,,0
2,EazyKost Joyo Agung,RK 02,Perlengkapan Lainnya,Rp 1.702.700 — item lain di luar daftar di atas,,
3,EazyKost Joyo Agung,RK 03,Furniture,52.500.000,,0
3,EazyKost Joyo Agung,RK 03,AC,17.500.000,3150000,0
3,EazyKost Joyo Agung,RK 03,Water Heater,11.632.509,0,0
3,EazyKost Joyo Agung,RK 03,Exhaust Fan,2.205.000,840000,0
3,EazyKost Joyo Agung,RK 03,Taman,0,,0
3,EazyKost Joyo Agung,RK 03,Pompa Pendorong,890.000,,0
3,EazyKost Joyo Agung,RK 03,Papan Nama Kavling/Kamar,0,,0
3,EazyKost Joyo Agung,RK 03,Tangga Monyet,650.000,,0
3,EazyKost Joyo Agung,RK 03,Perlengkapan Lainnya,Rp 1.255.000 — item lain di luar daftar di atas,,
4,EazyKost Joyo Agung,RK 04,Furniture,60.000.000,,0
4,EazyKost Joyo Agung,RK 04,AC,21.437.125,5632000,0
4,EazyKost Joyo Agung,RK 04,Water Heater,12.800.000,0,0
4,EazyKost Joyo Agung,RK 04,Exhaust Fan,2.205.000,960000,0
4,EazyKost Joyo Agung,RK 04,Taman,700.000,,0
4,EazyKost Joyo Agung,RK 04,Pompa Pendorong,890.000,,0
4,EazyKost Joyo Agung,RK 04,Papan Nama Kavling/Kamar,0,,0
4,EazyKost Joyo Agung,RK 04,Tangga Monyet,350.000,,0
4,EazyKost Joyo Agung,RK 04,Perlengkapan Lainnya,Rp 2.779.500 — item lain di luar daftar di atas,,
5,EazyKost Joyo Agung,RK 05,Furniture,52.500.000,,0
5,EazyKost Joyo Agung,RK 05,AC,20.921.125,7469000,0
5,EazyKost Joyo Agung,RK 05,Water Heater,11.674.509,0,0
5,EazyKost Joyo Agung,RK 05,Exhaust Fan,2.205.000,840000,0
5,EazyKost Joyo Agung,RK 05,Taman,700.000,,0
5,EazyKost Joyo Agung,RK 05,Pompa Pendorong,890.000,,0
5,EazyKost Joyo Agung,RK 05,Papan Nama Kavling/Kamar,0,,0
5,EazyKost Joyo Agung,RK 05,Tangga Monyet,650.000,,0
5,EazyKost Joyo Agung,RK 05,Perlengkapan Lainnya,Rp 2.352.700 — item lain di luar daftar di atas,,
6,EazyKost Joyo Agung,RK 06,Furniture,43.800.000,,0
6,EazyKost Joyo Agung,RK 06,AC,16.200.000,2700000,0
6,EazyKost Joyo Agung,RK 06,Water Heater,11.760.000,0,0
6,EazyKost Joyo Agung,RK 06,Exhaust Fan,3.325.000,0,0
6,EazyKost Joyo Agung,RK 06,Taman,650.000,,0
6,EazyKost Joyo Agung,RK 06,Pompa Pendorong,950.000,,0
6,EazyKost Joyo Agung,RK 06,Papan Nama Kavling/Kamar,0,,0
6,EazyKost Joyo Agung,RK 06,Tangga Monyet,937.500,,0
6,EazyKost Joyo Agung,RK 06,Perlengkapan Lainnya,Rp 2.915.000 — item lain di luar daftar di atas,,
7,EazyKost Joyo Agung,RK 07,Furniture,52.500.000,,0
7,EazyKost Joyo Agung,RK 07,AC,18.900.000,3150000,0
7,EazyKost Joyo Agung,RK 07,Water Heater,12.950.000,0,0
7,EazyKost Joyo Agung,RK 07,Exhaust Fan,3.325.000,0,0
7,EazyKost Joyo Agung,RK 07,Taman,650.000,,0
7,EazyKost Joyo Agung,RK 07,Pompa Pendorong,950.000,,0
7,EazyKost Joyo Agung,RK 07,Papan Nama Kavling/Kamar,0,,0
7,EazyKost Joyo Agung,RK 07,Tangga Monyet,937.500,,0
7,EazyKost Joyo Agung,RK 07,Perlengkapan Lainnya,Rp 3.176.000 — item lain di luar daftar di atas,,
8,EazyKost Joyo Agung,RK 08,Furniture,52.500.000,,0
8,EazyKost Joyo Agung,RK 08,AC,21.958.000,3395000,0
8,EazyKost Joyo Agung,RK 08,Water Heater,12.617.459,0,0
8,EazyKost Joyo Agung,RK 08,Exhaust Fan,2.205.000,840000,0
8,EazyKost Joyo Agung,RK 08,Taman,850.000,,0
8,EazyKost Joyo Agung,RK 08,Pompa Pendorong,890.000,,0
8,EazyKost Joyo Agung,RK 08,Papan Nama Kavling/Kamar,0,,0
8,EazyKost Joyo Agung,RK 08,Tangga Monyet,645.000,,0
8,EazyKost Joyo Agung,RK 08,Perlengkapan Lainnya,Rp 3.191.000 — item lain di luar daftar di atas,,
9,EazyKost Joyo Agung,RK 09,Furniture,52.500.000,,0
9,EazyKost Joyo Agung,RK 09,AC,23.950.000,3395000,0
9,EazyKost Joyo Agung,RK 09,Water Heater,11.788.000,0,0
9,EazyKost Joyo Agung,RK 09,Exhaust Fan,2.205.000,840000,0
9,EazyKost Joyo Agung,RK 09,Taman,700.000,,0
9,EazyKost Joyo Agung,RK 09,Pompa Pendorong,890.000,,0
9,EazyKost Joyo Agung,RK 09,Papan Nama Kavling/Kamar,0,,0
9,EazyKost Joyo Agung,RK 09,Tangga Monyet,365.000,,0
9,EazyKost Joyo Agung,RK 09,Perlengkapan Lainnya,Rp 2.771.500 — item lain di luar daftar di atas,,
10,EazyKost Joyo Agung,RK 10,Furniture,52.500.000,,0
10,EazyKost Joyo Agung,RK 10,AC,17.500.000,3150000,0
10,EazyKost Joyo Agung,RK 10,Water Heater,11.674.509,0,0
10,EazyKost Joyo Agung,RK 10,Exhaust Fan,2.205.000,840000,0
10,EazyKost Joyo Agung,RK 10,Taman,0,,0
10,EazyKost Joyo Agung,RK 10,Pompa Pendorong,890.000,,0
10,EazyKost Joyo Agung,RK 10,Papan Nama Kavling/Kamar,0,,0
10,EazyKost Joyo Agung,RK 10,Tangga Monyet,650.000,,0
10,EazyKost Joyo Agung,RK 10,Perlengkapan Lainnya,Rp 365.000 — item lain di luar daftar di atas,,
11,EazyKost Joyo Agung,RK 11,Furniture,52.500.000,,0
11,EazyKost Joyo Agung,RK 11,AC,0,0,0
11,EazyKost Joyo Agung,RK 11,Water Heater,0,0,0
11,EazyKost Joyo Agung,RK 11,Exhaust Fan,0,0,0
11,EazyKost Joyo Agung,RK 11,Taman,0,,0
11,EazyKost Joyo Agung,RK 11,Pompa Pendorong,0,,0
11,EazyKost Joyo Agung,RK 11,Papan Nama Kavling/Kamar,0,,0
11,EazyKost Joyo Agung,RK 11,Tangga Monyet,0,,0
11,EazyKost Joyo Agung,RK 11,Perlengkapan Lainnya,Rp 365.000 — item lain di luar daftar di atas,,
12,EazyKost Joyo Agung,RK 12,Furniture,52.500.000,,0
12,EazyKost Joyo Agung,RK 12,AC,21.958.000,3395000,0
12,EazyKost Joyo Agung,RK 12,Water Heater,12.604.459,0,0
12,EazyKost Joyo Agung,RK 12,Exhaust Fan,2.205.000,840000,0
12,EazyKost Joyo Agung,RK 12,Taman,850.000,,0
12,EazyKost Joyo Agung,RK 12,Pompa Pendorong,0,,0
12,EazyKost Joyo Agung,RK 12,Papan Nama Kavling/Kamar,0,,0
12,EazyKost Joyo Agung,RK 12,Tangga Monyet,0,,0
12,EazyKost Joyo Agung,RK 12,Perlengkapan Lainnya,Rp 365.000 — item lain di luar daftar di atas,,
13,EazyKost Joyo Agung,RK 13,Furniture,52.500.000,,0
13,EazyKost Joyo Agung,RK 13,AC,21.679.000,3150000,0
13,EazyKost Joyo Agung,RK 13,Water Heater,11.674.509,0,0
13,EazyKost Joyo Agung,RK 13,Exhaust Fan,2.205.000,840000,0
13,EazyKost Joyo Agung,RK 13,Taman,0,,0
13,EazyKost Joyo Agung,RK 13,Pompa Pendorong,890.000,,0
13,EazyKost Joyo Agung,RK 13,Papan Nama Kavling/Kamar,0,,0
13,EazyKost Joyo Agung,RK 13,Tangga Monyet,645.000,,0
13,EazyKost Joyo Agung,RK 13,Perlengkapan Lainnya,Rp 812.600 — item lain di luar daftar di atas,,
14,EazyKost Joyo Agung,RK 13,Furniture,0,,0
14,EazyKost Joyo Agung,RK 13,AC,0,0,0
14,EazyKost Joyo Agung,RK 13,Water Heater,0,0,0
14,EazyKost Joyo Agung,RK 13,Exhaust Fan,0,0,0
14,EazyKost Joyo Agung,RK 13,Taman,0,,0
14,EazyKost Joyo Agung,RK 13,Pompa Pendorong,0,,0
14,EazyKost Joyo Agung,RK 13,Papan Nama Kavling/Kamar,0,,0
14,EazyKost Joyo Agung,RK 13,Tangga Monyet,0,,0
14,EazyKost Joyo Agung,RK 13,Perlengkapan Lainnya,Rp 0 — item lain di luar daftar di atas,,
15,EazyKost Joyo Agung,RK 14,Furniture,52.500.000,,0
15,EazyKost Joyo Agung,RK 14,AC,17.500.000,3150000,0
15,EazyKost Joyo Agung,RK 14,Water Heater,0,0,0
15,EazyKost Joyo Agung,RK 14,Exhaust Fan,2.205.000,840000,0
15,EazyKost Joyo Agung,RK 14,Taman,0,,0
15,EazyKost Joyo Agung,RK 14,Pompa Pendorong,890.000,,0
15,EazyKost Joyo Agung,RK 14,Papan Nama Kavling/Kamar,0,,0
15,EazyKost Joyo Agung,RK 14,Tangga Monyet,650.000,,0
15,EazyKost Joyo Agung,RK 14,Perlengkapan Lainnya,Rp 4.791.000 — item lain di luar daftar di atas,,
16,EazyKost Sigura-gura,A 2,Furniture,126.000.000,,0
16,EazyKost Sigura-gura,A 2,AC,41.651.474,4474000,0
16,EazyKost Sigura-gura,A 2,Water Heater,25.073.818,2184000,0
16,EazyKost Sigura-gura,A 2,Exhaust Fan,4.410.000,2100000,0
16,EazyKost Sigura-gura,A 2,Taman,0,,0
16,EazyKost Sigura-gura,A 2,Pompa Pendorong,0,,0
16,EazyKost Sigura-gura,A 2,Papan Nama Kavling/Kamar,0,,0
16,EazyKost Sigura-gura,A 2,Tangga Monyet,0,,0
16,EazyKost Sigura-gura,A 2,Perlengkapan Lainnya,Rp 61.341.438 — item lain di luar daftar di atas,,
17,EazyKost Sigura-gura,B 4,Furniture,63.000.000,,0
17,EazyKost Sigura-gura,B 4,AC,25.110.000,2984000,0
17,EazyKost Sigura-gura,B 4,Water Heater,15.964.083,1520000,0
17,EazyKost Sigura-gura,B 4,Exhaust Fan,2.970.000,1080000,0
17,EazyKost Sigura-gura,B 4,Taman,350.000,,0
17,EazyKost Sigura-gura,B 4,Pompa Pendorong,0,,0
17,EazyKost Sigura-gura,B 4,Papan Nama Kavling/Kamar,0,,0
17,EazyKost Sigura-gura,B 4,Tangga Monyet,0,,0
17,EazyKost Sigura-gura,B 4,Perlengkapan Lainnya,Rp 24.728.976 — item lain di luar daftar di atas,,
18,EazyKost Sigura-gura,B 3,Furniture,63.000.000,,0
18,EazyKost Sigura-gura,B 3,AC,24.300.000,3350000,0
18,EazyKost Sigura-gura,B 3,Water Heater,16.153.083,1080000,0
18,EazyKost Sigura-gura,B 3,Exhaust Fan,2.970.000,1305000,0
18,EazyKost Sigura-gura,B 3,Taman,0,,0
18,EazyKost Sigura-gura,B 3,Pompa Pendorong,0,,0
18,EazyKost Sigura-gura,B 3,Papan Nama Kavling/Kamar,0,,0
18,EazyKost Sigura-gura,B 3,Tangga Monyet,0,,0
18,EazyKost Sigura-gura,B 3,Perlengkapan Lainnya,Rp 31.322.000 — item lain di luar daftar di atas,,
19,EazyKost Sigura-gura,B 1,Furniture,56.000.000,,0
19,EazyKost Sigura-gura,B 1,AC,24.300.000,3835000,0
19,EazyKost Sigura-gura,B 1,Water Heater,14.166.296,1200000,0
19,EazyKost Sigura-gura,B 1,Exhaust Fan,2.925.000,1200000,0
19,EazyKost Sigura-gura,B 1,Taman,0,,0
19,EazyKost Sigura-gura,B 1,Pompa Pendorong,0,,0
19,EazyKost Sigura-gura,B 1,Papan Nama Kavling/Kamar,0,,0
19,EazyKost Sigura-gura,B 1,Tangga Monyet,0,,0
19,EazyKost Sigura-gura,B 1,Perlengkapan Lainnya,Rp 41.201.596 — item lain di luar daftar di atas,,
20,EazyKost Sigura-gura,B 2,Furniture,70.000.000,,0
20,EazyKost Sigura-gura,B 2,AC,27.000.000,3889000,0
20,EazyKost Sigura-gura,B 2,Water Heater,17.707.877,1200000,0
20,EazyKost Sigura-gura,B 2,Exhaust Fan,3.034.000,1200000,0
20,EazyKost Sigura-gura,B 2,Taman,0,,0
20,EazyKost Sigura-gura,B 2,Pompa Pendorong,0,,0
20,EazyKost Sigura-gura,B 2,Papan Nama Kavling/Kamar,0,,0
20,EazyKost Sigura-gura,B 2,Tangga Monyet,0,,0
20,EazyKost Sigura-gura,B 2,Perlengkapan Lainnya,Rp 56.521.777 — item lain di luar daftar di atas,,
21,EazyKost Sigura-gura,A 7,Furniture,104.000.000,,0
21,EazyKost Sigura-gura,A 7,AC,35.100.000,5662000,0
21,EazyKost Sigura-gura,A 7,Water Heater,23.020.231,1560000,0
21,EazyKost Sigura-gura,A 7,Exhaust Fan,0,1560000,0
21,EazyKost Sigura-gura,A 7,Taman,0,,0
21,EazyKost Sigura-gura,A 7,Pompa Pendorong,0,,0
21,EazyKost Sigura-gura,A 7,Papan Nama Kavling/Kamar,0,,0
21,EazyKost Sigura-gura,A 7,Tangga Monyet,0,,0
21,EazyKost Sigura-gura,A 7,Perlengkapan Lainnya,Rp 78.273.332 — item lain di luar daftar di atas,,
22,EazyKost Sigura-gura,B 5,Furniture,65.700.000,,0
22,EazyKost Sigura-gura,B 5,AC,27.000.000,4065000,0
22,EazyKost Sigura-gura,B 5,Water Heater,17.709.900,1200000,0
22,EazyKost Sigura-gura,B 5,Exhaust Fan,3.150.000,1200000,0
22,EazyKost Sigura-gura,B 5,Taman,0,,0
22,EazyKost Sigura-gura,B 5,Pompa Pendorong,0,,0
22,EazyKost Sigura-gura,B 5,Papan Nama Kavling/Kamar,0,,0
22,EazyKost Sigura-gura,B 5,Tangga Monyet,0,,0
22,EazyKost Sigura-gura,B 5,Perlengkapan Lainnya,Rp 149.500.200 — item lain di luar daftar di atas,,
23,EazyKost Sigura-gura,A 3,Furniture,98.000.000,,0
23,EazyKost Sigura-gura,A 3,AC,36.400.000,5374000,0
23,EazyKost Sigura-gura,A 3,Water Heater,23.080.918,1680000,0
23,EazyKost Sigura-gura,A 3,Exhaust Fan,4.410.000,1680000,0
23,EazyKost Sigura-gura,A 3,Taman,450.000,,0
23,EazyKost Sigura-gura,A 3,Pompa Pendorong,1.186.000,,0
23,EazyKost Sigura-gura,A 3,Papan Nama Kavling/Kamar,0,,0
23,EazyKost Sigura-gura,A 3,Tangga Monyet,0,,0
23,EazyKost Sigura-gura,A 3,Perlengkapan Lainnya,Rp 49.918.397 — item lain di luar daftar di atas,,
24,EazyKost Sigura-gura,B 7,Furniture,63.000.000,,0
24,EazyKost Sigura-gura,B 7,AC,23.400.000,0,0
24,EazyKost Sigura-gura,B 7,Water Heater,14.837.733,1080000,0
24,EazyKost Sigura-gura,B 7,Exhaust Fan,0,0,0
24,EazyKost Sigura-gura,B 7,Taman,0,,0
24,EazyKost Sigura-gura,B 7,Pompa Pendorong,0,,0
24,EazyKost Sigura-gura,B 7,Papan Nama Kavling/Kamar,0,,0
24,EazyKost Sigura-gura,B 7,Tangga Monyet,0,,0
24,EazyKost Sigura-gura,B 7,Perlengkapan Lainnya,Rp 29.456.200 — item lain di luar daftar di atas,,
25,EazyKost Sigura-gura,B 8,Furniture,63.000.000,,0
25,EazyKost Sigura-gura,B 8,AC,23.400.000,0,0
25,EazyKost Sigura-gura,B 8,Water Heater,14.837.733,1080000,0
25,EazyKost Sigura-gura,B 8,Exhaust Fan,0,0,0
25,EazyKost Sigura-gura,B 8,Taman,0,,0
25,EazyKost Sigura-gura,B 8,Pompa Pendorong,0,,0
25,EazyKost Sigura-gura,B 8,Papan Nama Kavling/Kamar,0,,0
25,EazyKost Sigura-gura,B 8,Tangga Monyet,0,,0
25,EazyKost Sigura-gura,B 8,Perlengkapan Lainnya,Rp 77.068.000 — item lain di luar daftar di atas,,
26,EazyKost Sigura-gura,B 12,Furniture,131.400.000,,0
26,EazyKost Sigura-gura,B 12,AC,49.500.000,0,0
26,EazyKost Sigura-gura,B 12,Water Heater,30.164.166,2700000,0
26,EazyKost Sigura-gura,B 12,Exhaust Fan,6.300.000,2700000,0
26,EazyKost Sigura-gura,B 12,Taman,0,,0
26,EazyKost Sigura-gura,B 12,Pompa Pendorong,0,,0
26,EazyKost Sigura-gura,B 12,Papan Nama Kavling/Kamar,0,,0
26,EazyKost Sigura-gura,B 12,Tangga Monyet,0,,0
26,EazyKost Sigura-gura,B 12,Perlengkapan Lainnya,Rp 27.900.000 — item lain di luar daftar di atas,,
27,EazyKost Sigura-gura,A 6,Furniture,91.000.000,,0
27,EazyKost Sigura-gura,A 6,AC,0,0,0
27,EazyKost Sigura-gura,A 6,Water Heater,0,0,0
27,EazyKost Sigura-gura,A 6,Exhaust Fan,0,0,0
27,EazyKost Sigura-gura,A 6,Taman,0,,0
27,EazyKost Sigura-gura,A 6,Pompa Pendorong,0,,0
27,EazyKost Sigura-gura,A 6,Papan Nama Kavling/Kamar,0,,0
27,EazyKost Sigura-gura,A 6,Tangga Monyet,0,,0
27,EazyKost Sigura-gura,A 6,Perlengkapan Lainnya,Rp 5.550.000 — item lain di luar daftar di atas,,
28,EazyKost Sigura-gura,B 6,Furniture,97.500.000,,0
28,EazyKost Sigura-gura,B 6,AC,0,4095000,0
28,EazyKost Sigura-gura,B 6,Water Heater,0,0,0
28,EazyKost Sigura-gura,B 6,Exhaust Fan,2.475.000,0,0
28,EazyKost Sigura-gura,B 6,Taman,0,,0
28,EazyKost Sigura-gura,B 6,Pompa Pendorong,0,,0
28,EazyKost Sigura-gura,B 6,Papan Nama Kavling/Kamar,1.200.000,,0
28,EazyKost Sigura-gura,B 6,Tangga Monyet,1.750.000,,0
28,EazyKost Sigura-gura,B 6,Perlengkapan Lainnya,Rp 4.875.000 — item lain di luar daftar di atas,,
29,EazyKost Sigura-gura,B 9,Furniture,0,,0
29,EazyKost Sigura-gura,B 9,AC,27.500.000,4750000,0
29,EazyKost Sigura-gura,B 9,Water Heater,17.000.000,1500000,0
29,EazyKost Sigura-gura,B 9,Exhaust Fan,3.500.000,1500000,0
29,EazyKost Sigura-gura,B 9,Taman,0,,0
29,EazyKost Sigura-gura,B 9,Pompa Pendorong,0,,0
29,EazyKost Sigura-gura,B 9,Papan Nama Kavling/Kamar,0,,0
29,EazyKost Sigura-gura,B 9,Tangga Monyet,0,,0
29,EazyKost Sigura-gura,B 9,Perlengkapan Lainnya,Rp 17.500.000 — item lain di luar daftar di atas,,
30,EazyKost Sigura-gura,A 4,Furniture,97.500.000,,0
30,EazyKost Sigura-gura,A 4,AC,35.750.000,0,0
30,EazyKost Sigura-gura,A 4,Water Heater,21.785.231,1680000,0
30,EazyKost Sigura-gura,A 4,Exhaust Fan,6.650.000,1680000,0
30,EazyKost Sigura-gura,A 4,Taman,0,,0
30,EazyKost Sigura-gura,A 4,Pompa Pendorong,0,,0
30,EazyKost Sigura-gura,A 4,Papan Nama Kavling/Kamar,0,,0
30,EazyKost Sigura-gura,A 4,Tangga Monyet,0,,0
30,EazyKost Sigura-gura,A 4,Perlengkapan Lainnya,Rp 0 — item lain di luar daftar di atas,,
31,EazyKost Sigura-gura,B 10,Furniture,75.000.000,,0
31,EazyKost Sigura-gura,B 10,AC,24.750.000,0,0
31,EazyKost Sigura-gura,B 10,Water Heater,1.675.787,1200000,0
31,EazyKost Sigura-gura,B 10,Exhaust Fan,4.750.000,1200000,0
31,EazyKost Sigura-gura,B 10,Taman,0,,0
31,EazyKost Sigura-gura,B 10,Pompa Pendorong,0,,0
31,EazyKost Sigura-gura,B 10,Papan Nama Kavling/Kamar,0,,0
31,EazyKost Sigura-gura,B 10,Tangga Monyet,0,,0
31,EazyKost Sigura-gura,B 10,Perlengkapan Lainnya,Rp 0 — item lain di luar daftar di atas,,
32,EazyKost Sigura-gura,A 5,Furniture,0,,0
32,EazyKost Sigura-gura,A 5,AC,0,0,0
32,EazyKost Sigura-gura,A 5,Water Heater,0,0,0
32,EazyKost Sigura-gura,A 5,Exhaust Fan,0,0,0
32,EazyKost Sigura-gura,A 5,Taman,0,,0
32,EazyKost Sigura-gura,A 5,Pompa Pendorong,0,,0
32,EazyKost Sigura-gura,A 5,Papan Nama Kavling/Kamar,0,,0
32,EazyKost Sigura-gura,A 5,Tangga Monyet,0,,0
32,EazyKost Sigura-gura,A 5,Perlengkapan Lainnya,Rp 0 — item lain di luar daftar di atas,,
33,EazyKost Sigura-gura,B 11,Furniture,0,,0
33,EazyKost Sigura-gura,B 11,AC,0,0,0
33,EazyKost Sigura-gura,B 11,Water Heater,0,0,0
33,EazyKost Sigura-gura,B 11,Exhaust Fan,0,0,0
33,EazyKost Sigura-gura,B 11,Taman,0,,0
33,EazyKost Sigura-gura,B 11,Pompa Pendorong,0,,0
33,EazyKost Sigura-gura,B 11,Papan Nama Kavling/Kamar,0,,0
33,EazyKost Sigura-gura,B 11,Tangga Monyet,0,,0
33,EazyKost Sigura-gura,B 11,Perlengkapan Lainnya,Rp 0 — item lain di luar daftar di atas,,
34,EazyKost Sigura-gura,A 1,Furniture,0,,0
34,EazyKost Sigura-gura,A 1,AC,0,0,0
34,EazyKost Sigura-gura,A 1,Water Heater,0,0,0
34,EazyKost Sigura-gura,A 1,Exhaust Fan,0,0,0
34,EazyKost Sigura-gura,A 1,Taman,0,,0
34,EazyKost Sigura-gura,A 1,Pompa Pendorong,0,,0
34,EazyKost Sigura-gura,A 1,Papan Nama Kavling/Kamar,0,,0
34,EazyKost Sigura-gura,A 1,Tangga Monyet,0,,0
34,EazyKost Sigura-gura,A 1,Perlengkapan Lainnya,Rp 0 — item lain di luar daftar di atas,,
35,Lumiera Garden,LK 7,Furniture,123.000.000,,0
35,Lumiera Garden,LK 7,AC,15.498.000,2850000,0
35,Lumiera Garden,LK 7,Water Heater,9.970.722,0,0
35,Lumiera Garden,LK 7,Exhaust Fan,1.890.000,0,0
35,Lumiera Garden,LK 7,Taman,1.000.000,,0
35,Lumiera Garden,LK 7,Pompa Pendorong,0,,0
35,Lumiera Garden,LK 7,Papan Nama Kavling/Kamar,578.000,,0
35,Lumiera Garden,LK 7,Tangga Monyet,0,,0
35,Lumiera Garden,LK 7,Perlengkapan Lainnya,Rp 4.010.461 — item lain di luar daftar di atas,,
36,Lumiera Garden,LK 8,Furniture,49.800.000,,0
36,Lumiera Garden,LK 8,AC,15.498.000,2850000,0
36,Lumiera Garden,LK 8,Water Heater,9.970.722,0,0
36,Lumiera Garden,LK 8,Exhaust Fan,1.890.000,0,0
36,Lumiera Garden,LK 8,Taman,1.000.000,,0
36,Lumiera Garden,LK 8,Pompa Pendorong,0,,0
36,Lumiera Garden,LK 8,Papan Nama Kavling/Kamar,578.000,,0
36,Lumiera Garden,LK 8,Tangga Monyet,0,,0
36,Lumiera Garden,LK 8,Perlengkapan Lainnya,Rp 4.010.461 — item lain di luar daftar di atas,,
37,Lumiera Garden,LK 9,Furniture,49.800.000,,0
37,Lumiera Garden,LK 9,AC,15.498.000,2850000,0
37,Lumiera Garden,LK 9,Water Heater,9.970.722,0,0
37,Lumiera Garden,LK 9,Exhaust Fan,1.890.000,0,0
37,Lumiera Garden,LK 9,Taman,0,,0
37,Lumiera Garden,LK 9,Pompa Pendorong,0,,0
37,Lumiera Garden,LK 9,Papan Nama Kavling/Kamar,578.000,,0
37,Lumiera Garden,LK 9,Tangga Monyet,600.000,,0
37,Lumiera Garden,LK 9,Perlengkapan Lainnya,Rp 4.010.461 — item lain di luar daftar di atas,,
38,Lumiera Garden,LK 10,Furniture,49.800.000,,0
38,Lumiera Garden,LK 10,AC,15.498.000,2850000,0
38,Lumiera Garden,LK 10,Water Heater,9.970.722,0,0
38,Lumiera Garden,LK 10,Exhaust Fan,1.890.000,0,0
38,Lumiera Garden,LK 10,Taman,1.000.000,,0
38,Lumiera Garden,LK 10,Pompa Pendorong,0,,0
38,Lumiera Garden,LK 10,Papan Nama Kavling/Kamar,0,,0
38,Lumiera Garden,LK 10,Tangga Monyet,600.000,,0
38,Lumiera Garden,LK 10,Perlengkapan Lainnya,Rp 4.010.461 — item lain di luar daftar di atas,,
39,Lumiera Garden,LK 12,Furniture,49.800.000,,0
39,Lumiera Garden,LK 12,AC,15.498.000,2850000,0
39,Lumiera Garden,LK 12,Water Heater,9.970.722,0,0
39,Lumiera Garden,LK 12,Exhaust Fan,1.890.000,0,0
39,Lumiera Garden,LK 12,Taman,1.000.000,,0
39,Lumiera Garden,LK 12,Pompa Pendorong,0,,0
39,Lumiera Garden,LK 12,Papan Nama Kavling/Kamar,578.000,,0
39,Lumiera Garden,LK 12,Tangga Monyet,0,,0
39,Lumiera Garden,LK 12,Perlengkapan Lainnya,Rp 4.010.461 — item lain di luar daftar di atas,,
40,Lumiera Garden,LK 6,Furniture,49.800.000,,0
40,Lumiera Garden,LK 6,AC,16.530.000,2850000,0
40,Lumiera Garden,LK 6,Water Heater,11.100.000,720000,0
40,Lumiera Garden,LK 6,Exhaust Fan,2.850.000,0,0
40,Lumiera Garden,LK 6,Taman,0,,0
40,Lumiera Garden,LK 6,Pompa Pendorong,0,,0
40,Lumiera Garden,LK 6,Papan Nama Kavling/Kamar,0,,0
40,Lumiera Garden,LK 6,Tangga Monyet,0,,0
40,Lumiera Garden,LK 6,Perlengkapan Lainnya,Rp 2.026.461 — item lain di luar daftar di atas,,
41,Lumiera Garden,LK 2,Furniture,49.800.000,,0
41,Lumiera Garden,LK 2,AC,15.000.000,2850000,0
41,Lumiera Garden,LK 2,Water Heater,9.970.722,0,0
41,Lumiera Garden,LK 2,Exhaust Fan,0,1500000,0
41,Lumiera Garden,LK 2,Taman,1.000.000,,0
41,Lumiera Garden,LK 2,Pompa Pendorong,0,,0
41,Lumiera Garden,LK 2,Papan Nama Kavling/Kamar,578.000,,0
41,Lumiera Garden,LK 2,Tangga Monyet,0,,0
41,Lumiera Garden,LK 2,Perlengkapan Lainnya,Rp 3.116.461 — item lain di luar daftar di atas,,
42,Lumiera Garden,LK 3,Furniture,49.800.000,,0
42,Lumiera Garden,LK 3,AC,16.200.000,2850000,0
42,Lumiera Garden,LK 3,Water Heater,9.970.722,0,0
42,Lumiera Garden,LK 3,Exhaust Fan,2.850.000,0,0
42,Lumiera Garden,LK 3,Taman,1.000.000,,0
42,Lumiera Garden,LK 3,Pompa Pendorong,0,,0
42,Lumiera Garden,LK 3,Papan Nama Kavling/Kamar,578.000,,0
42,Lumiera Garden,LK 3,Tangga Monyet,0,,0
42,Lumiera Garden,LK 3,Perlengkapan Lainnya,Rp 4.010.461 — item lain di luar daftar di atas,,
43,Lumiera Garden,C 2,Furniture,0,,0
43,Lumiera Garden,C 2,AC,5.000.000,950000,0
43,Lumiera Garden,C 2,Water Heater,0,0,0
43,Lumiera Garden,C 2,Exhaust Fan,0,0,0
43,Lumiera Garden,C 2,Taman,0,,0
43,Lumiera Garden,C 2,Pompa Pendorong,0,,0
43,Lumiera Garden,C 2,Papan Nama Kavling/Kamar,0,,0
43,Lumiera Garden,C 2,Tangga Monyet,0,,0
43,Lumiera Garden,C 2,Perlengkapan Lainnya,Rp 12.178.461 — item lain di luar daftar di atas,,
44,Lumiera Garden,C 3,Furniture,0,,0
44,Lumiera Garden,C 3,AC,5.000.000,950000,0
44,Lumiera Garden,C 3,Water Heater,0,0,0
44,Lumiera Garden,C 3,Exhaust Fan,0,0,0
44,Lumiera Garden,C 3,Taman,1.150.000,,0
44,Lumiera Garden,C 3,Pompa Pendorong,0,,0
44,Lumiera Garden,C 3,Papan Nama Kavling/Kamar,0,,0
44,Lumiera Garden,C 3,Tangga Monyet,0,,0
44,Lumiera Garden,C 3,Perlengkapan Lainnya,Rp 12.178.461 — item lain di luar daftar di atas,,
45,Lumiera Garden,LK 11,Furniture,123.000.000,,0
45,Lumiera Garden,LK 11,AC,15.000.000,2850000,0
45,Lumiera Garden,LK 11,Water Heater,10.030.722,0,0
45,Lumiera Garden,LK 11,Exhaust Fan,1.890.000,0,0
45,Lumiera Garden,LK 11,Taman,0,,0
45,Lumiera Garden,LK 11,Pompa Pendorong,0,,0
45,Lumiera Garden,LK 11,Papan Nama Kavling/Kamar,578.000,,0
45,Lumiera Garden,LK 11,Tangga Monyet,0,,0
45,Lumiera Garden,LK 11,Perlengkapan Lainnya,Rp 11.673.461 — item lain di luar daftar di atas,,
46,Lumiera Garden,LK 4,Furniture,49.800.000,,0
46,Lumiera Garden,LK 4,AC,16.200.000,2850000,0
46,Lumiera Garden,LK 4,Water Heater,10.030.722,0,0
46,Lumiera Garden,LK 4,Exhaust Fan,0,0,0
46,Lumiera Garden,LK 4,Taman,1.000.000,,0
46,Lumiera Garden,LK 4,Pompa Pendorong,0,,0
46,Lumiera Garden,LK 4,Papan Nama Kavling/Kamar,578.000,,0
46,Lumiera Garden,LK 4,Tangga Monyet,0,,0
46,Lumiera Garden,LK 4,Perlengkapan Lainnya,Rp 12.567.461 — item lain di luar daftar di atas,,
47,Lumiera Garden,LK 5,Furniture,49.800.000,,0
47,Lumiera Garden,LK 5,AC,0,0,0
47,Lumiera Garden,LK 5,Water Heater,0,0,0
47,Lumiera Garden,LK 5,Exhaust Fan,0,0,0
47,Lumiera Garden,LK 5,Taman,0,,0
47,Lumiera Garden,LK 5,Pompa Pendorong,0,,0
47,Lumiera Garden,LK 5,Papan Nama Kavling/Kamar,0,,0
47,Lumiera Garden,LK 5,Tangga Monyet,0,,0
47,Lumiera Garden,LK 5,Perlengkapan Lainnya,Rp 1.116.461 — item lain di luar daftar di atas,,
48,Lumiera Garden,LK 22,Furniture,49.800.000,,0
48,Lumiera Garden,LK 22,AC,16.710.000,1650000,0
48,Lumiera Garden,LK 22,Water Heater,11.100.000,0,0
48,Lumiera Garden,LK 22,Exhaust Fan,2.850.000,0,0
48,Lumiera Garden,LK 22,Taman,1.000.000,,0
48,Lumiera Garden,LK 22,Pompa Pendorong,950.000,,0
48,Lumiera Garden,LK 22,Papan Nama Kavling/Kamar,0,,0
48,Lumiera Garden,LK 22,Tangga Monyet,0,,0
48,Lumiera Garden,LK 22,Perlengkapan Lainnya,Rp 11.097.000 — item lain di luar daftar di atas,,
49,Lumiera Garden,LK 23,Furniture,49.800.000,,0
49,Lumiera Garden,LK 23,AC,16.200.000,1650000,0
49,Lumiera Garden,LK 23,Water Heater,11.100.000,0,0
49,Lumiera Garden,LK 23,Exhaust Fan,2.850.000,0,0
49,Lumiera Garden,LK 23,Taman,1.000.000,,0
49,Lumiera Garden,LK 23,Pompa Pendorong,0,,0
49,Lumiera Garden,LK 23,Papan Nama Kavling/Kamar,0,,0
49,Lumiera Garden,LK 23,Tangga Monyet,0,,0
49,Lumiera Garden,LK 23,Perlengkapan Lainnya,Rp 11.097.000 — item lain di luar daftar di atas,,
50,Lumiera Garden,LK 19,Furniture,123.000.000,,0
50,Lumiera Garden,LK 19,AC,0,0,0
50,Lumiera Garden,LK 19,Water Heater,0,0,0
50,Lumiera Garden,LK 19,Exhaust Fan,0,0,0
50,Lumiera Garden,LK 19,Taman,0,,0
50,Lumiera Garden,LK 19,Pompa Pendorong,0,,0
50,Lumiera Garden,LK 19,Papan Nama Kavling/Kamar,0,,0
50,Lumiera Garden,LK 19,Tangga Monyet,0,,0
50,Lumiera Garden,LK 19,Perlengkapan Lainnya,Rp 0 — item lain di luar daftar di atas,,
51,Lumiera Garden,LK 17,Furniture,123.000.000,,0
51,Lumiera Garden,LK 17,AC,0,0,0
51,Lumiera Garden,LK 17,Water Heater,0,0,0
51,Lumiera Garden,LK 17,Exhaust Fan,0,0,0
51,Lumiera Garden,LK 17,Taman,0,,0
51,Lumiera Garden,LK 17,Pompa Pendorong,0,,0
51,Lumiera Garden,LK 17,Papan Nama Kavling/Kamar,0,,0
51,Lumiera Garden,LK 17,Tangga Monyet,0,,0
51,Lumiera Garden,LK 17,Perlengkapan Lainnya,Rp 0 — item lain di luar daftar di atas,,
52,Lumiera Garden,C 4,Furniture,0,,0
52,Lumiera Garden,C 4,AC,0,0,0
52,Lumiera Garden,C 4,Water Heater,0,0,0
52,Lumiera Garden,C 4,Exhaust Fan,0,0,0
52,Lumiera Garden,C 4,Taman,0,,0
52,Lumiera Garden,C 4,Pompa Pendorong,0,,0
52,Lumiera Garden,C 4,Papan Nama Kavling/Kamar,0,,0
52,Lumiera Garden,C 4,Tangga Monyet,0,,0
52,Lumiera Garden,C 4,Perlengkapan Lainnya,Rp 0 — item lain di luar daftar di atas,,
53,Lumiera Garden,LK 21,Furniture,0,,0
53,Lumiera Garden,LK 21,AC,0,0,0
53,Lumiera Garden,LK 21,Water Heater,0,0,0
53,Lumiera Garden,LK 21,Exhaust Fan,0,0,0
53,Lumiera Garden,LK 21,Taman,0,,0
53,Lumiera Garden,LK 21,Pompa Pendorong,0,,0
53,Lumiera Garden,LK 21,Papan Nama Kavling/Kamar,0,,0
53,Lumiera Garden,LK 21,Tangga Monyet,0,,0
53,Lumiera Garden,LK 21,Perlengkapan Lainnya,Rp 0 — item lain di luar daftar di atas,,
54,Lumiera Garden,LK 24,Furniture,246.000.000,,0
54,Lumiera Garden,LK 24,AC,0,0,0
54,Lumiera Garden,LK 24,Water Heater,0,0,0
54,Lumiera Garden,LK 24,Exhaust Fan,0,0,0
54,Lumiera Garden,LK 24,Taman,0,,0
54,Lumiera Garden,LK 24,Pompa Pendorong,0,,0
54,Lumiera Garden,LK 24,Papan Nama Kavling/Kamar,0,,0
54,Lumiera Garden,LK 24,Tangga Monyet,0,,0
54,Lumiera Garden,LK 24,Perlengkapan Lainnya,Rp 0 — item lain di luar daftar di atas,,
55,Lumiera Garden,LK 1,Furniture,246.000.000,,0
55,Lumiera Garden,LK 1,AC,0,0,0
55,Lumiera Garden,LK 1,Water Heater,0,0,0
55,Lumiera Garden,LK 1,Exhaust Fan,0,0,0
55,Lumiera Garden,LK 1,Taman,0,,0
55,Lumiera Garden,LK 1,Pompa Pendorong,0,,0
55,Lumiera Garden,LK 1,Papan Nama Kavling/Kamar,0,,0
55,Lumiera Garden,LK 1,Tangga Monyet,0,,0
55,Lumiera Garden,LK 1,Perlengkapan Lainnya,Rp 0 — item lain di luar daftar di atas,,
56,Lumiera Garden,A 2,Furniture,0,,0
56,Lumiera Garden,A 2,AC,0,0,0
56,Lumiera Garden,A 2,Water Heater,0,0,0
56,Lumiera Garden,A 2,Exhaust Fan,0,0,0
56,Lumiera Garden,A 2,Taman,0,,0
56,Lumiera Garden,A 2,Pompa Pendorong,0,,0
56,Lumiera Garden,A 2,Papan Nama Kavling/Kamar,0,,0
56,Lumiera Garden,A 2,Tangga Monyet,0,,0
56,Lumiera Garden,A 2,Perlengkapan Lainnya,Rp 0 — item lain di luar daftar di atas,,
57,Lumiera Garden,A 4,Furniture,0,,0
57,Lumiera Garden,A 4,AC,0,0,0
57,Lumiera Garden,A 4,Water Heater,0,0,0
57,Lumiera Garden,A 4,Exhaust Fan,0,0,0
57,Lumiera Garden,A 4,Taman,0,,0
57,Lumiera Garden,A 4,Pompa Pendorong,0,,0
57,Lumiera Garden,A 4,Papan Nama Kavling/Kamar,0,,0
57,Lumiera Garden,A 4,Tangga Monyet,0,,0
57,Lumiera Garden,A 4,Perlengkapan Lainnya,Rp 0 — item lain di luar daftar di atas,,
58,Lumiera Garden,LK 18,Furniture,0,,0
58,Lumiera Garden,LK 18,AC,0,0,0
58,Lumiera Garden,LK 18,Water Heater,0,0,0
58,Lumiera Garden,LK 18,Exhaust Fan,0,0,0
58,Lumiera Garden,LK 18,Taman,0,,0
58,Lumiera Garden,LK 18,Pompa Pendorong,0,,0
58,Lumiera Garden,LK 18,Papan Nama Kavling/Kamar,0,,0
58,Lumiera Garden,LK 18,Tangga Monyet,0,,0
58,Lumiera Garden,LK 18,Perlengkapan Lainnya,Rp 0 — item lain di luar daftar di atas,,
59,Lumiera Garden,LK 15,Furniture,0,,0
59,Lumiera Garden,LK 15,AC,0,0,0
59,Lumiera Garden,LK 15,Water Heater,0,0,0
59,Lumiera Garden,LK 15,Exhaust Fan,0,0,0
59,Lumiera Garden,LK 15,Taman,0,,0
59,Lumiera Garden,LK 15,Pompa Pendorong,0,,0
59,Lumiera Garden,LK 15,Papan Nama Kavling/Kamar,0,,0
59,Lumiera Garden,LK 15,Tangga Monyet,0,,0
59,Lumiera Garden,LK 15,Perlengkapan Lainnya,Rp 0 — item lain di luar daftar di atas,,
60,Lumiera Garden,A 07,Furniture,0,,0
60,Lumiera Garden,A 07,AC,0,0,0
60,Lumiera Garden,A 07,Water Heater,0,0,0
60,Lumiera Garden,A 07,Exhaust Fan,0,0,0
60,Lumiera Garden,A 07,Taman,0,,0
60,Lumiera Garden,A 07,Pompa Pendorong,0,,0
60,Lumiera Garden,A 07,Papan Nama Kavling/Kamar,0,,0
60,Lumiera Garden,A 07,Tangga Monyet,0,,0
60,Lumiera Garden,A 07,Perlengkapan Lainnya,Rp 0 — item lain di luar daftar di atas,,
61,Lumiera Garden,LK 13,Furniture,0,,0
61,Lumiera Garden,LK 13,AC,0,0,0
61,Lumiera Garden,LK 13,Water Heater,0,0,0
61,Lumiera Garden,LK 13,Exhaust Fan,0,0,0
61,Lumiera Garden,LK 13,Taman,0,,0
61,Lumiera Garden,LK 13,Pompa Pendorong,0,,0
61,Lumiera Garden,LK 13,Papan Nama Kavling/Kamar,0,,0
61,Lumiera Garden,LK 13,Tangga Monyet,0,,0
61,Lumiera Garden,LK 13,Perlengkapan Lainnya,Rp 0 — item lain di luar daftar di atas,,
62,Lumiera Garden,A 05,Furniture,0,,0
62,Lumiera Garden,A 05,AC,0,0,0
62,Lumiera Garden,A 05,Water Heater,0,0,0
62,Lumiera Garden,A 05,Exhaust Fan,0,0,0
62,Lumiera Garden,A 05,Taman,0,,0
62,Lumiera Garden,A 05,Pompa Pendorong,0,,0
62,Lumiera Garden,A 05,Papan Nama Kavling/Kamar,0,,0
62,Lumiera Garden,A 05,Tangga Monyet,0,,0
62,Lumiera Garden,A 05,Perlengkapan Lainnya,Rp 0 — item lain di luar daftar di atas,,
63,Lumiera Garden,A 01,Furniture,0,,0
63,Lumiera Garden,A 01,AC,0,0,0
63,Lumiera Garden,A 01,Water Heater,0,0,0
63,Lumiera Garden,A 01,Exhaust Fan,0,0,0
63,Lumiera Garden,A 01,Taman,0,,0
63,Lumiera Garden,A 01,Pompa Pendorong,0,,0
63,Lumiera Garden,A 01,Papan Nama Kavling/Kamar,0,,0
63,Lumiera Garden,A 01,Tangga Monyet,0,,0
63,Lumiera Garden,A 01,Perlengkapan Lainnya,Rp 0 — item lain di luar daftar di atas,,
64,Lumiera Garden,B 09,Furniture,0,,0
64,Lumiera Garden,B 09,AC,0,0,0
64,Lumiera Garden,B 09,Water Heater,0,0,0
64,Lumiera Garden,B 09,Exhaust Fan,0,0,0
64,Lumiera Garden,B 09,Taman,0,,0
64,Lumiera Garden,B 09,Pompa Pendorong,0,,0
64,Lumiera Garden,B 09,Papan Nama Kavling/Kamar,0,,0
64,Lumiera Garden,B 09,Tangga Monyet,0,,0
64,Lumiera Garden,B 09,Perlengkapan Lainnya,Rp 0 — item lain di luar daftar di atas,,
65,Lumiera Garden,LK 16,Furniture,0,,0
65,Lumiera Garden,LK 16,AC,0,0,0
65,Lumiera Garden,LK 16,Water Heater,0,0,0
65,Lumiera Garden,LK 16,Exhaust Fan,0,0,0
65,Lumiera Garden,LK 16,Taman,0,,0
65,Lumiera Garden,LK 16,Pompa Pendorong,0,,0
65,Lumiera Garden,LK 16,Papan Nama Kavling/Kamar,0,,0
65,Lumiera Garden,LK 16,Tangga Monyet,0,,0
65,Lumiera Garden,LK 16,Perlengkapan Lainnya,Rp 0 — item lain di luar daftar di atas,,
66,Mayana Resort,Nadya 15,Furniture,0,,0
66,Mayana Resort,Nadya 15,AC,0,0,0
66,Mayana Resort,Nadya 15,Water Heater,0,0,0
66,Mayana Resort,Nadya 15,Exhaust Fan,0,0,0
66,Mayana Resort,Nadya 15,Taman,0,,0
66,Mayana Resort,Nadya 15,Pompa Pendorong,0,,0
66,Mayana Resort,Nadya 15,Papan Nama Kavling/Kamar,0,,0
66,Mayana Resort,Nadya 15,Tangga Monyet,0,,0
66,Mayana Resort,Nadya 15,Perlengkapan Lainnya,Rp 0 — item lain di luar daftar di atas,,
67,Mayana Resort,Nadya 17,Furniture,0,,0
67,Mayana Resort,Nadya 17,AC,0,0,0
67,Mayana Resort,Nadya 17,Water Heater,0,0,0
67,Mayana Resort,Nadya 17,Exhaust Fan,0,0,0
67,Mayana Resort,Nadya 17,Taman,0,,0
67,Mayana Resort,Nadya 17,Pompa Pendorong,0,,0
67,Mayana Resort,Nadya 17,Papan Nama Kavling/Kamar,0,,0
67,Mayana Resort,Nadya 17,Tangga Monyet,0,,0
67,Mayana Resort,Nadya 17,Perlengkapan Lainnya,Rp 0 — item lain di luar daftar di atas,,
68,Mayana Resort,Nadya 03,Furniture,,,
68,Mayana Resort,Nadya 03,AC,,,
68,Mayana Resort,Nadya 03,Water Heater,,,
68,Mayana Resort,Nadya 03,Exhaust Fan,,,
68,Mayana Resort,Nadya 03,Taman,,,
68,Mayana Resort,Nadya 03,Pompa Pendorong,,,
68,Mayana Resort,Nadya 03,Papan Nama Kavling/Kamar,,,
68,Mayana Resort,Nadya 03,Tangga Monyet,,,
68,Mayana Resort,Nadya 03,Perlengkapan Lainnya,– — item lain di luar daftar di atas,,
