Detail ID,Cluster,Kavling,Kontraktor,LB / LT / KMR,Target BAST,Realisasi BAST,Nilai Kontrak,Terbayar ke Kontraktor,Sisa Bayar Kontraktor,PTB Dibayar ke Kontraktor,Addendum Terbayar,Retensi Terbayar
1,EazyKost Joyo Agung,RK 01,DWI,85 / 70 / 7,20 Jan 2026,,335750000,0,335750000,0,"Rp 0 — pekerjaan tambahan, terpisah dari Nilai Kontrak",Rp 0 — dana tahanan yang sudah dicairkan
2,EazyKost Joyo Agung,RK 02,JAINUL,85 / 70 / 7,21 Dec 2025,,333200000,0,333200000,0,"Rp 0 — pekerjaan tambahan, terpisah dari Nilai Kontrak",Rp 0 — dana tahanan yang sudah dicairkan
3,EazyKost Joyo Agung,RK 03,JAINUL,85 / 70 / 7,03 Feb 2026,,333200000,0,333200000,0,"Rp 0 — pekerjaan tambahan, terpisah dari Nilai Kontrak",Rp 0 — dana tahanan yang sudah dicairkan
4,EazyKost Joyo Agung,RK 04,JAINUL,93 / 70 / 8,19 Dec 2025,,362700000,0,362700000,0,"Rp 0 — pekerjaan tambahan, terpisah dari Nilai Kontrak",Rp 0 — dana tahanan yang sudah dicairkan
5,EazyKost Joyo Agung,RK 05,RIADI,85 / 70 / 7,19 Dec 2025,,323000000,0,323000000,0,"Rp 0 — pekerjaan tambahan, terpisah dari Nilai Kontrak",Rp 0 — dana tahanan yang sudah dicairkan
6,EazyKost Joyo Agung,RK 06,,85 / 70 / 6,06 Aug 2026,,325125000,0,325125000,6230000,"Rp 0 — pekerjaan tambahan, terpisah dari Nilai Kontrak",Rp 0 — dana tahanan yang sudah dicairkan
7,EazyKost Joyo Agung,RK 07,RIADI,85 / 70 / 7,20 Jul 2026,,331500000,0,331500000,6460000,"Rp 0 — pekerjaan tambahan, terpisah dari Nilai Kontrak",Rp 0 — dana tahanan yang sudah dicairkan
8,EazyKost Joyo Agung,RK 08,JAINUL,85 / 70 / 7,27 Sep 2025,,331500000,0,331500000,6725275,"Rp 0 — pekerjaan tambahan, terpisah dari Nilai Kontrak",Rp 0 — dana tahanan yang sudah dicairkan
9,EazyKost Joyo Agung,RK 09,JAINUL,85 / 70 / 8,08 Nov 2025,,358800000,0,358800000,3894605,"Rp 0 — pekerjaan tambahan, terpisah dari Nilai Kontrak",Rp 0 — dana tahanan yang sudah dicairkan
10,EazyKost Joyo Agung,RK 10,RIADI,85 / 70 / 7,10 Jan 2026,,323000000,0,323000000,0,"Rp 0 — pekerjaan tambahan, terpisah dari Nilai Kontrak",Rp 0 — dana tahanan yang sudah dicairkan
11,EazyKost Joyo Agung,RK 11,RIADI,85 / 70 / 7,05 Apr 2026,,361000000,0,361000000,0,"Rp 0 — pekerjaan tambahan, terpisah dari Nilai Kontrak",Rp 0 — dana tahanan yang sudah dicairkan
12,EazyKost Joyo Agung,RK 12,DWI,85 / 70 / 7,04 Oct 2025,,335750000,0,335750000,3019500,"Rp 0 — pekerjaan tambahan, terpisah dari Nilai Kontrak",Rp 0 — dana tahanan yang sudah dicairkan
13,EazyKost Joyo Agung,RK 13,JAINUL,85 / 70 / 7,22 Nov 2025,,333200000,0,333200000,0,"Rp 0 — pekerjaan tambahan, terpisah dari Nilai Kontrak",Rp 0 — dana tahanan yang sudah dicairkan
14,EazyKost Joyo Agung,RK 13,JAENAL,85 / 70 / 7,,,333200000,0,333200000,0,"Rp 0 — pekerjaan tambahan, terpisah dari Nilai Kontrak",Rp 0 — dana tahanan yang sudah dicairkan
15,EazyKost Joyo Agung,RK 14,RIADI,85 / 70 / 7,23 Dec 2025,,323000000,0,323000000,0,"Rp 0 — pekerjaan tambahan, terpisah dari Nilai Kontrak",Rp 0 — dana tahanan yang sudah dicairkan
16,EazyKost Sigura-gura,A 2,SKM,252 / 84 / 13,01 May 2024,,1060164000,0,1060164000,0,"Rp 0 — pekerjaan tambahan, terpisah dari Nilai Kontrak",Rp 0 — dana tahanan yang sudah dicairkan
17,EazyKost Sigura-gura,B 4,SKM,180 / 60 / 9,01 Jun 2024,,676164240,0,676164240,0,"Rp 0 — pekerjaan tambahan, terpisah dari Nilai Kontrak",Rp 0 — dana tahanan yang sudah dicairkan
18,EazyKost Sigura-gura,B 3,SKM,180 / 60 / 9,01 Jul 2024,,676164240,0,676164240,0,"Rp 0 — pekerjaan tambahan, terpisah dari Nilai Kontrak",Rp 0 — dana tahanan yang sudah dicairkan
19,EazyKost Sigura-gura,B 1,SKM,180 / 60 / 9,01 Sep 2024,,676164240,0,676164240,0,"Rp 0 — pekerjaan tambahan, terpisah dari Nilai Kontrak",Rp 0 — dana tahanan yang sudah dicairkan
20,EazyKost Sigura-gura,B 2,SKM,180 / 60 / 10,01 Jul 2024,,676164240,0,676164240,0,"Rp 0 — pekerjaan tambahan, terpisah dari Nilai Kontrak",Rp 0 — dana tahanan yang sudah dicairkan
21,EazyKost Sigura-gura,A 7,INDRA,252 / 84 / 13,01 Dec 2024,,901558400,0,901558400,62250200,"Rp 0 — pekerjaan tambahan, terpisah dari Nilai Kontrak",Rp 0 — dana tahanan yang sudah dicairkan
22,EazyKost Sigura-gura,B 5,SKM,180 / 60 / 9,01 Feb 2025,,676164240,0,676164240,238979979,"Rp 0 — pekerjaan tambahan, terpisah dari Nilai Kontrak",Rp 0 — dana tahanan yang sudah dicairkan
23,EazyKost Sigura-gura,A 3,SKM,252 / 84 / 11,01 Jun 2025,,991565939,0,991565939,34005617000,"Rp 0 — pekerjaan tambahan, terpisah dari Nilai Kontrak",Rp 0 — dana tahanan yang sudah dicairkan
24,EazyKost Sigura-gura,B 7,CMA,180 / 60 / 9,01 Jul 2025,,676080000,0,676080000,71526000,"Rp 0 — pekerjaan tambahan, terpisah dari Nilai Kontrak",Rp 0 — dana tahanan yang sudah dicairkan
25,EazyKost Sigura-gura,B 8,CMA,180 / 60 / 9,01 Jul 2025,,676080000,0,676080000,0,"Rp 0 — pekerjaan tambahan, terpisah dari Nilai Kontrak",Rp 0 — dana tahanan yang sudah dicairkan
26,EazyKost Sigura-gura,B 12,CMA,360 / 120 / 18,01 Feb 2025,,1352160000,0,1352160000,0,"Rp 0 — pekerjaan tambahan, terpisah dari Nilai Kontrak",Rp 0 — dana tahanan yang sudah dicairkan
27,EazyKost Sigura-gura,A 6,SKM,252 / 84 / 13,01 Apr 2026,,957600000,0,957600000,0,"Rp 0 — pekerjaan tambahan, terpisah dari Nilai Kontrak",Rp 0 — dana tahanan yang sudah dicairkan
28,EazyKost Sigura-gura,B 6,CMA,180 / 60 / 13,01 May 2026,,676000000,0,676000000,0,"Rp 0 — pekerjaan tambahan, terpisah dari Nilai Kontrak",Rp 0 — dana tahanan yang sudah dicairkan
29,EazyKost Sigura-gura,B 9,CMA,180 / 60 / 10,01 Mar 2026,,676080000,0,676080000,0,"Rp 0 — pekerjaan tambahan, terpisah dari Nilai Kontrak",Rp 0 — dana tahanan yang sudah dicairkan
30,EazyKost Sigura-gura,A 4,SKM,252 / 84 / 13,01 May 2026,,957600000,0,957600000,37825754,"Rp 0 — pekerjaan tambahan, terpisah dari Nilai Kontrak",Rp 0 — dana tahanan yang sudah dicairkan
31,EazyKost Sigura-gura,B 10,CMA,180 / 60 / 9,01 Mar 2026,,676000000,0,676000000,0,"Rp 0 — pekerjaan tambahan, terpisah dari Nilai Kontrak",Rp 0 — dana tahanan yang sudah dicairkan
32,EazyKost Sigura-gura,A 5,SKM,252 / 84 / 13,01 Jun 2026,,957600000,0,957600000,20237680,"Rp 0 — pekerjaan tambahan, terpisah dari Nilai Kontrak",Rp 0 — dana tahanan yang sudah dicairkan
33,EazyKost Sigura-gura,B 11,CMA,180 / 60 / 9,01 Jun 2026,,676000000,0,676000000,0,"Rp 0 — pekerjaan tambahan, terpisah dari Nilai Kontrak",Rp 0 — dana tahanan yang sudah dicairkan
34,EazyKost Sigura-gura,A 1,X,489 / 163 / 26,,,0,0,0,0,"Rp 0 — pekerjaan tambahan, terpisah dari Nilai Kontrak",Rp 0 — dana tahanan yang sudah dicairkan
35,Lumiera Garden,LK 7,Listyo,85 / 66 / 6,08 Dec 2026,,327250000,0,327250000,4685000,"Rp 0 — pekerjaan tambahan, terpisah dari Nilai Kontrak",Rp 0 — dana tahanan yang sudah dicairkan
36,Lumiera Garden,LK 8,Listyo,85 / 66 / 6,08 Dec 2026,,327250000,0,327250000,1675000,"Rp 0 — pekerjaan tambahan, terpisah dari Nilai Kontrak",Rp 0 — dana tahanan yang sudah dicairkan
37,Lumiera Garden,LK 9,CMA,85 / 66 / 6,08 Dec 2026,,340000000,0,340000000,4832500,"Rp 0 — pekerjaan tambahan, terpisah dari Nilai Kontrak",Rp 0 — dana tahanan yang sudah dicairkan
38,Lumiera Garden,LK 10,CMA,85 / 66 / 6,08 Dec 2026,,340000000,0,340000000,4832500,"Rp 0 — pekerjaan tambahan, terpisah dari Nilai Kontrak",Rp 0 — dana tahanan yang sudah dicairkan
39,Lumiera Garden,LK 12,Richi,85 / 66 / 6,30 Dec 2026,,331500000,0,331500000,6032500,"Rp 0 — pekerjaan tambahan, terpisah dari Nilai Kontrak",Rp 0 — dana tahanan yang sudah dicairkan
40,Lumiera Garden,LK 6,Desta,85 / 66 / 6,21 Apr 2027,,327250000,0,327250000,0,"Rp 0 — pekerjaan tambahan, terpisah dari Nilai Kontrak",Rp 0 — dana tahanan yang sudah dicairkan
41,Lumiera Garden,LK 2,Riadi,85 / 66 / 6,28 Feb 2027,,323000000,0,323000000,0,"Rp 0 — pekerjaan tambahan, terpisah dari Nilai Kontrak",Rp 0 — dana tahanan yang sudah dicairkan
42,Lumiera Garden,LK 3,Riadi,85 / 66 / 6,28 Jan 2027,,323000000,0,323000000,0,"Rp 0 — pekerjaan tambahan, terpisah dari Nilai Kontrak",Rp 0 — dana tahanan yang sudah dicairkan
43,Lumiera Garden,C 2,Kurniawan,60 / 66 / 2,28 Jan 2027,,225000000,0,225000000,0,"Rp 0 — pekerjaan tambahan, terpisah dari Nilai Kontrak",Rp 0 — dana tahanan yang sudah dicairkan
44,Lumiera Garden,C 3,Kurniawan,60 / 66 / 2,28 Jan 2027,,225000000,0,225000000,0,"Rp 0 — pekerjaan tambahan, terpisah dari Nilai Kontrak",Rp 0 — dana tahanan yang sudah dicairkan
45,Lumiera Garden,LK 11,Richi,85 / 66 / 6,28 Jan 2027,,333625000,0,333625000,0,"Rp 0 — pekerjaan tambahan, terpisah dari Nilai Kontrak",Rp 0 — dana tahanan yang sudah dicairkan
46,Lumiera Garden,LK 4,Richi,85 / 66 / 6,03 Mar 2027,,333625000,0,333625000,0,"Rp 0 — pekerjaan tambahan, terpisah dari Nilai Kontrak",Rp 0 — dana tahanan yang sudah dicairkan
47,Lumiera Garden,LK 5,Desta,85 / 66 / 6,13 May 2027,,327250000,0,327250000,0,"Rp 0 — pekerjaan tambahan, terpisah dari Nilai Kontrak",Rp 0 — dana tahanan yang sudah dicairkan
48,Lumiera Garden,LK 22,Siswoyo,85 / 66 / 6,,,331500000,0,331500000,7510000,"Rp 0 — pekerjaan tambahan, terpisah dari Nilai Kontrak",Rp 0 — dana tahanan yang sudah dicairkan
49,Lumiera Garden,LK 23,Siswoyo,85 / 66 / 6,,,331500000,0,331500000,8210000,"Rp 0 — pekerjaan tambahan, terpisah dari Nilai Kontrak",Rp 0 — dana tahanan yang sudah dicairkan
50,Lumiera Garden,LK 19,Abdillah,85 / 76 / 6,12 Aug 2027,,331500000,0,331500000,0,"Rp 0 — pekerjaan tambahan, terpisah dari Nilai Kontrak",Rp 0 — dana tahanan yang sudah dicairkan
51,Lumiera Garden,LK 17,Abdillah,85 / 76 / 6,12 Aug 2027,,331500000,0,331500000,9508320,"Rp 0 — pekerjaan tambahan, terpisah dari Nilai Kontrak",Rp 0 — dana tahanan yang sudah dicairkan
52,Lumiera Garden,C 4,Kurniawan,74 / 70 / 2,06 Sep 2027,,281200000,0,281200000,0,"Rp 0 — pekerjaan tambahan, terpisah dari Nilai Kontrak",Rp 0 — dana tahanan yang sudah dicairkan
53,Lumiera Garden,LK 21,MCA,85 / 73 / 6,29 Dec 2027,,335750000,0,335750000,0,"Rp 0 — pekerjaan tambahan, terpisah dari Nilai Kontrak",Rp 0 — dana tahanan yang sudah dicairkan
54,Lumiera Garden,LK 24,Riadi,150 / 127 / 12,23 Dec 2027,,660000000,0,660000000,0,"Rp 0 — pekerjaan tambahan, terpisah dari Nilai Kontrak",Rp 0 — dana tahanan yang sudah dicairkan
55,Lumiera Garden,LK 1,MCA,150 / 131 / 12,29 Dec 2027,,660000000,0,660000000,0,"Rp 0 — pekerjaan tambahan, terpisah dari Nilai Kontrak",Rp 0 — dana tahanan yang sudah dicairkan
56,Lumiera Garden,A 2,RIO,153 / 96 / 10,,,657900000,0,657900000,0,"Rp 0 — pekerjaan tambahan, terpisah dari Nilai Kontrak",Rp 0 — dana tahanan yang sudah dicairkan
57,Lumiera Garden,A 4,Siswoyo,153 / 92 / 8,,,673200000,0,673200000,0,"Rp 0 — pekerjaan tambahan, terpisah dari Nilai Kontrak",Rp 0 — dana tahanan yang sudah dicairkan
58,Lumiera Garden,LK 18,X,85 / 76 / 6,,,365500000,0,365500000,0,"Rp 0 — pekerjaan tambahan, terpisah dari Nilai Kontrak",Rp 0 — dana tahanan yang sudah dicairkan
59,Lumiera Garden,LK 15,X,85 / 80 / 6,,,365500000,0,365500000,0,"Rp 0 — pekerjaan tambahan, terpisah dari Nilai Kontrak",Rp 0 — dana tahanan yang sudah dicairkan
60,Lumiera Garden,A 07,X,153 / 130 / 10,,,657900000,0,657900000,0,"Rp 0 — pekerjaan tambahan, terpisah dari Nilai Kontrak",Rp 0 — dana tahanan yang sudah dicairkan
61,Lumiera Garden,LK 13,Triyo,85 / 80 / 6,,,374000000,0,374000000,0,"Rp 0 — pekerjaan tambahan, terpisah dari Nilai Kontrak",Rp 0 — dana tahanan yang sudah dicairkan
62,Lumiera Garden,A 05,Triyo,153 / 91 / 10,,,673200000,0,673200000,0,"Rp 0 — pekerjaan tambahan, terpisah dari Nilai Kontrak",Rp 0 — dana tahanan yang sudah dicairkan
63,Lumiera Garden,A 01,,153 / 98 / 10,,,0,0,0,0,"Rp 0 — pekerjaan tambahan, terpisah dari Nilai Kontrak",Rp 0 — dana tahanan yang sudah dicairkan
64,Lumiera Garden,B 09,,153 / 99 / 10,,,0,0,0,0,"Rp 0 — pekerjaan tambahan, terpisah dari Nilai Kontrak",Rp 0 — dana tahanan yang sudah dicairkan
65,Lumiera Garden,LK 16,Riadi,9.344 / 78 / 6,,,411136000,0,411136000,0,"Rp 0 — pekerjaan tambahan, terpisah dari Nilai Kontrak",Rp 0 — dana tahanan yang sudah dicairkan
66,Mayana Resort,Nadya 15,,– / – / –,,,0,0,0,0,"Rp 0 — pekerjaan tambahan, terpisah dari Nilai Kontrak",Rp 0 — dana tahanan yang sudah dicairkan
67,Mayana Resort,Nadya 17,,62 / 66 / –,,,0,0,0,0,"Rp 0 — pekerjaan tambahan, terpisah dari Nilai Kontrak",Rp 0 — dana tahanan yang sudah dicairkan
68,Mayana Resort,Nadya 03,,– / – / –,,,,,,,"– — pekerjaan tambahan, terpisah dari Nilai Kontrak",– — dana tahanan yang sudah dicairkan
