Cluster,Kavling,Kontraktor,Nilai Kontrak,Terbayar,%,Sisa,Addendum,Retensi,AC — Nilai,AC — Pasang,AC — Terbeli,Water Heater — Nilai,Water Heater — Pasang,Water Heater — Terbeli,Exhaust Fan — Nilai,Exhaust Fan — Pasang,Exhaust Fan — Terbeli,Furniture — Nilai,Furniture — Terbayar,Taman — Nilai,Taman — Terbayar,Pompa Pendorong — Nilai,Pompa Pendorong — Terbayar,Papan Nama — Nilai,Papan Nama — Terbayar,Tangga Monyet — Nilai,Tangga Monyet — Terbayar,Perlengkapan Lainnya,Total Furnish dll.
EazyKost Joyo Agung,RK 01 — Hutami Maharani,DWI,335750000,0,0.0,335750000,0,0,17500000,3150000,0,11674509,0,0,2205000,840000,0,13125000,0,0,0,0,0,0,0,650000,0,365000,45519509
EazyKost Joyo Agung,RK 02 — Yuni Swastika Indriati,JAINUL,333200000,0,0.0,333200000,0,0,17598000,7469000,0,11674509,0,0,2205000,840000,0,52500000,0,700000,0,890000,0,0,0,0,0,1702700,87270209
EazyKost Joyo Agung,RK 03 — Yudi Kustendi,JAINUL,333200000,0,0.0,333200000,0,0,17500000,3150000,0,11632509,0,0,2205000,840000,0,52500000,0,0,0,890000,0,0,0,650000,0,1255000,86632509
EazyKost Joyo Agung,RK 04 — DR. Podang Peksiadji,JAINUL,362700000,0,0.0,362700000,0,0,21437125,5632000,0,12800000,0,0,2205000,960000,0,60000000,0,700000,0,890000,0,0,0,350000,0,2779500,101161625
EazyKost Joyo Agung,RK 05 — Yuliyani,RIADI,323000000,0,0.0,323000000,0,0,20921125,7469000,0,11674509,0,0,2205000,840000,0,52500000,0,700000,0,890000,0,0,0,650000,0,2352700,91893334
EazyKost Joyo Agung,RK 06 — Rovita Febrianti,,325125000,0,0.0,325125000,0,0,16200000,2700000,0,11760000,0,0,3325000,0,0,43800000,0,650000,0,950000,0,0,0,937500,0,2915000,80537500
EazyKost Joyo Agung,RK 07 — Puguh Widagdo,RIADI,331500000,0,0.0,331500000,0,0,18900000,3150000,0,12950000,0,0,3325000,0,0,52500000,0,650000,0,950000,0,0,0,937500,0,3176000,93388500
EazyKost Joyo Agung,RK 08 — Yudi Kustendi,JAINUL,331500000,0,0.0,331500000,0,0,21958000,3395000,0,12617459,0,0,2205000,840000,0,52500000,0,850000,0,890000,0,0,0,645000,0,3191000,94856459
EazyKost Joyo Agung,RK 09 — Arin Istiani,JAINUL,358800000,0,0.0,358800000,0,0,23950000,3395000,0,11788000,0,0,2205000,840000,0,52500000,0,700000,0,890000,0,0,0,365000,0,2771500,95169500
EazyKost Joyo Agung,RK 10 — Zayyana Nu'ma Fakhiriyah,RIADI,323000000,0,0.0,323000000,0,0,17500000,3150000,0,11674509,0,0,2205000,840000,0,52500000,0,0,0,890000,0,0,0,650000,0,365000,85784509
EazyKost Joyo Agung,RK 11 — dr. Aulia Martyana Achsar,RIADI,361000000,0,0.0,361000000,0,0,0,0,0,0,0,0,0,0,0,52500000,0,0,0,0,0,0,0,0,0,365000,52865000
EazyKost Joyo Agung,RK 12 — Ayu Chandra Puspitasari,DWI,335750000,0,0.0,335750000,0,0,21958000,3395000,0,12604459,0,0,2205000,840000,0,52500000,0,850000,0,0,0,0,0,0,0,365000,90482459
EazyKost Joyo Agung,RK 13 — Nita Anrestiyanti,JAENAL,333200000,0,0.0,333200000,0,0,0,0,0,0,0,0,0,0,0,0,0,0,0,0,0,0,0,0,0,0,0
EazyKost Joyo Agung,RK 14 — Farida Ulfa,RIADI,323000000,0,0.0,323000000,0,0,17500000,3150000,0,0,0,0,2205000,840000,0,52500000,0,0,0,890000,0,0,0,650000,0,4791000,78536000
EazyKost Sigura-gura,A 1 — A1,X,0,0,,0,0,0,0,0,0,0,0,0,0,0,0,0,0,0,0,0,0,0,0,0,0,0,0
EazyKost Sigura-gura,A 2 — Belum diisi — perlu dilengkapi PIC,SKM,1060164000,0,0.0,1060164000,0,0,41651474,4474000,0,25073818,2184000,0,4410000,2100000,0,126000000,0,0,0,0,0,0,0,0,0,61341438,258476730
EazyKost Sigura-gura,A 3 — Belum diisi — perlu dilengkapi PIC,SKM,991565939,0,0.0,991565939,0,0,36400000,5374000,0,23080918,1680000,0,4410000,1680000,0,98000000,0,450000,0,1186000,0,0,0,0,0,49918397,213445315
EazyKost Sigura-gura,A 4 — Belum diisi — perlu dilengkapi PIC,SKM,957600000,0,0.0,957600000,0,0,35750000,0,0,21785231,1680000,0,6650000,1680000,0,97500000,0,0,0,0,0,0,0,0,0,0,161685231
EazyKost Sigura-gura,A 5 — SONY SASONO,SKM,957600000,0,0.0,957600000,0,0,0,0,0,0,0,0,0,0,0,0,0,0,0,0,0,0,0,0,0,0,0
EazyKost Sigura-gura,A 6 — Belum diisi — perlu dilengkapi PIC,SKM,957600000,0,0.0,957600000,0,0,0,0,0,0,0,0,0,0,0,91000000,0,0,0,0,0,0,0,0,0,5550000,96550000
EazyKost Sigura-gura,A 7 — Belum diisi — perlu dilengkapi PIC,INDRA,901558400,0,0.0,901558400,0,0,35100000,5662000,0,23020231,1560000,0,0,1560000,0,104000000,0,0,0,0,0,0,0,0,0,78273332,240393563
EazyKost Sigura-gura,B 1 — ANIES HERMAWATY,SKM,676164240,0,0.0,676164240,0,0,24300000,3835000,0,14166296,1200000,0,2925000,1200000,0,56000000,0,0,0,0,0,0,0,0,0,41201596,138592892
EazyKost Sigura-gura,B 10 — Belum diisi — perlu dilengkapi PIC,CMA,676000000,0,0.0,676000000,0,0,24750000,0,0,1675787,1200000,0,4750000,1200000,0,75000000,0,0,0,0,0,0,0,0,0,0,106175787
EazyKost Sigura-gura,B 11 — Belum diisi — perlu dilengkapi PIC,CMA,676000000,0,0.0,676000000,0,0,0,0,0,0,0,0,0,0,0,0,0,0,0,0,0,0,0,0,0,0,0
EazyKost Sigura-gura,B 12 — Belum diisi — perlu dilengkapi PIC,CMA,1352160000,0,0.0,1352160000,0,0,49500000,0,0,30164166,2700000,0,6300000,2700000,0,131400000,0,0,0,0,0,0,0,0,0,27900000,245264166
EazyKost Sigura-gura,B 2 — Belum diisi — perlu dilengkapi PIC,SKM,676164240,0,0.0,676164240,0,0,27000000,3889000,0,17707877,1200000,0,3034000,1200000,0,70000000,0,0,0,0,0,0,0,0,0,56521777,174263654
EazyKost Sigura-gura,B 3 — Belum diisi — perlu dilengkapi PIC,SKM,676164240,0,0.0,676164240,0,0,24300000,3350000,0,16153083,1080000,0,2970000,1305000,0,63000000,0,0,0,0,0,0,0,0,0,31322000,137745083
EazyKost Sigura-gura,B 4 — Belum diisi — perlu dilengkapi PIC,SKM,676164240,0,0.0,676164240,0,0,25110000,2984000,0,15964083,1520000,0,2970000,1080000,0,63000000,0,350000,0,0,0,0,0,0,0,24728976,132123059
EazyKost Sigura-gura,B 5 — Belum diisi — perlu dilengkapi PIC,SKM,676164240,0,0.0,676164240,0,0,27000000,4065000,0,17709900,1200000,0,3150000,1200000,0,65700000,0,0,0,0,0,0,0,0,0,149500200,263060100
EazyKost Sigura-gura,B 6 — Belum diisi — perlu dilengkapi PIC,CMA,676000000,0,0.0,676000000,0,0,0,4095000,0,0,0,0,2475000,0,0,97500000,0,0,0,0,0,1200000,0,1750000,0,4875000,107800000
EazyKost Sigura-gura,B 7 — Belum diisi — perlu dilengkapi PIC,CMA,676080000,0,0.0,676080000,0,0,23400000,0,0,14837733,1080000,0,0,0,0,63000000,0,0,0,0,0,0,0,0,0,29456200,130693933
EazyKost Sigura-gura,B 8 — Belum diisi — perlu dilengkapi PIC,CMA,676080000,0,0.0,676080000,0,0,23400000,0,0,14837733,1080000,0,0,0,0,63000000,0,0,0,0,0,0,0,0,0,77068000,178305733
EazyKost Sigura-gura,B 9 — NOORAN DAVICK,CMA,676080000,0,0.0,676080000,0,0,27500000,4750000,0,17000000,1500000,0,3500000,1500000,0,0,0,0,0,0,0,0,0,0,0,17500000,65500000
Lumiera Garden,A 01 — TAZKIYA SURYA KAMILA,,0,0,,0,0,0,0,0,0,0,0,0,0,0,0,0,0,0,0,0,0,0,0,0,0,0,0
Lumiera Garden,A 05 — ANTOK SAPTODEWO,Triyo,673200000,0,0.0,673200000,0,0,0,0,0,0,0,0,0,0,0,0,0,0,0,0,0,0,0,0,0,0,0
Lumiera Garden,A 07 — TUNDJUNG ISWANDARU,X,657900000,0,0.0,657900000,0,0,0,0,0,0,0,0,0,0,0,0,0,0,0,0,0,0,0,0,0,0,0
Lumiera Garden,"A 2 — DWI INDRA KUNTOADJI, SE",RIO,657900000,0,0.0,657900000,0,0,0,0,0,0,0,0,0,0,0,0,0,0,0,0,0,0,0,0,0,0,0
Lumiera Garden,A 4 — MELLYA INDRIANTI PUTRI,Siswoyo,673200000,0,0.0,673200000,0,0,0,0,0,0,0,0,0,0,0,0,0,0,0,0,0,0,0,0,0,0,0
Lumiera Garden,B 09 — TAZKIYA SURYA KAMILA,,0,0,,0,0,0,0,0,0,0,0,0,0,0,0,0,0,0,0,0,0,0,0,0,0,0,0
Lumiera Garden,C 2 — FITRIA AMALIA DEWI,Kurniawan,225000000,0,0.0,225000000,0,0,5000000,950000,0,0,0,0,0,0,0,0,0,0,0,0,0,0,0,0,0,12178461,17178461
Lumiera Garden,"C 3 — TRI PRASETYANINGRUM,SE,MM",Kurniawan,225000000,0,0.0,225000000,0,0,5000000,950000,0,0,0,0,0,0,0,0,0,1150000,0,0,0,0,0,0,0,12178461,18328461
Lumiera Garden,C 4 — BUDIONO SH,Kurniawan,281200000,0,0.0,281200000,0,0,0,0,0,0,0,0,0,0,0,0,0,0,0,0,0,0,0,0,0,0,0
Lumiera Garden,LK 1 — DYAH LUSITA RISDHIANTI,MCA,660000000,0,0.0,660000000,0,0,0,0,0,0,0,0,0,0,0,246000000,0,0,0,0,0,0,0,0,0,0,246000000
Lumiera Garden,LK 10 — MOCHAMAD YUNUS,CMA,340000000,0,0.0,340000000,0,0,15498000,2850000,0,9970722,0,0,1890000,0,0,49800000,0,1000000,0,0,0,0,0,600000,0,4010461,82769183
Lumiera Garden,"LK 11 — DEBORA ASIH NATALIA ALLE, ST",Richi,333625000,0,0.0,333625000,0,0,15000000,2850000,0,10030722,0,0,1890000,0,0,123000000,0,0,0,0,0,578000,0,0,0,11673461,162172183
Lumiera Garden,LK 12 — FITRIA AGUSTINA,Richi,331500000,0,0.0,331500000,0,0,15498000,2850000,0,9970722,0,0,1890000,0,0,49800000,0,1000000,0,0,0,578000,0,0,0,4010461,82747183
Lumiera Garden,LK 13 — MARIA MAGDANI,Triyo,374000000,0,0.0,374000000,0,0,0,0,0,0,0,0,0,0,0,0,0,0,0,0,0,0,0,0,0,0,0
Lumiera Garden,LK 15 — ISMU RETNA WARDHANI,X,365500000,0,0.0,365500000,0,0,0,0,0,0,0,0,0,0,0,0,0,0,0,0,0,0,0,0,0,0,0
Lumiera Garden,LK 16 — YUNITA PURNAMAWATI,Riadi,411136000,0,0.0,411136000,0,0,0,0,0,0,0,0,0,0,0,0,0,0,0,0,0,0,0,0,0,0,0
Lumiera Garden,LK 17 — MUHAMMAD NASSAR,Abdillah,331500000,0,0.0,331500000,0,0,0,0,0,0,0,0,0,0,0,123000000,0,0,0,0,0,0,0,0,0,0,123000000
Lumiera Garden,LK 18 — YOYOK WIDIANTO,X,365500000,0,0.0,365500000,0,0,0,0,0,0,0,0,0,0,0,0,0,0,0,0,0,0,0,0,0,0,0
Lumiera Garden,LK 19 — FARIDA BUDI WIJAYANTI,Abdillah,331500000,0,0.0,331500000,0,0,0,0,0,0,0,0,0,0,0,123000000,0,0,0,0,0,0,0,0,0,0,123000000
Lumiera Garden,LK 2 — ETTY PARAWATI,Riadi,323000000,0,0.0,323000000,0,0,15000000,2850000,0,9970722,0,0,0,1500000,0,49800000,0,1000000,0,0,0,578000,0,0,0,3116461,79465183
Lumiera Garden,LK 21 — E WIDA KUSUMAWATI,MCA,335750000,0,0.0,335750000,0,0,0,0,0,0,0,0,0,0,0,0,0,0,0,0,0,0,0,0,0,0,0
Lumiera Garden,LK 22 — JOVITA IKA PRAMYASTI,Siswoyo,331500000,0,0.0,331500000,0,0,16710000,1650000,0,11100000,0,0,2850000,0,0,49800000,0,1000000,0,950000,0,0,0,0,0,11097000,93507000
Lumiera Garden,LK 23 — RIRIN YUNI ASTUTIK,Siswoyo,331500000,0,0.0,331500000,0,0,16200000,1650000,0,11100000,0,0,2850000,0,0,49800000,0,1000000,0,0,0,0,0,0,0,11097000,92047000
Lumiera Garden,LK 24 — YULI WULANDARI,Riadi,660000000,0,0.0,660000000,0,0,0,0,0,0,0,0,0,0,0,246000000,0,0,0,0,0,0,0,0,0,0,246000000
Lumiera Garden,LK 3 — RACHMADIANA SARI,Riadi,323000000,0,0.0,323000000,0,0,16200000,2850000,0,9970722,0,0,2850000,0,0,49800000,0,1000000,0,0,0,578000,0,0,0,4010461,84409183
Lumiera Garden,LK 4 — ENDAH KUSWINTARI,Richi,333625000,0,0.0,333625000,0,0,16200000,2850000,0,10030722,0,0,0,0,0,49800000,0,1000000,0,0,0,578000,0,0,0,12567461,90176183
Lumiera Garden,LK 5 — NINIK YULAIKAH,Desta,327250000,0,0.0,327250000,0,0,0,0,0,0,0,0,0,0,0,49800000,0,0,0,0,0,0,0,0,0,1116461,50916461
Lumiera Garden,LK 6 — NINIK YULAIKAH,Desta,327250000,0,0.0,327250000,0,0,16530000,2850000,0,11100000,720000,0,2850000,0,0,49800000,0,0,0,0,0,0,0,0,0,2026461,82306461
Lumiera Garden,LK 7 — HENY SUSANTI,Listyo,327250000,0,0.0,327250000,0,0,15498000,2850000,0,9970722,0,0,1890000,0,0,123000000,0,1000000,0,0,0,578000,0,0,0,4010461,155947183
Lumiera Garden,LK 8 — DJUWITO/AGUSTINA IRAWATI,Listyo,327250000,0,0.0,327250000,0,0,15498000,2850000,0,9970722,0,0,1890000,0,0,49800000,0,1000000,0,0,0,578000,0,0,0,4010461,82747183
Lumiera Garden,LK 9 — DWI MULYONO,CMA,340000000,0,0.0,340000000,0,0,15498000,2850000,0,9970722,0,0,1890000,0,0,49800000,0,0,0,0,0,578000,0,600000,0,4010461,82347183
Mayana Resort,Nadya 03 — Yudi Kustendi,,,,,,,,,,,,,,,,,,,,,,,,,,,,
Mayana Resort,Nadya 15 — DR. Podang Peksiadji,,0,0,,0,0,0,0,0,0,0,0,0,0,0,0,0,0,0,0,0,0,0,0,0,0,0,0
Mayana Resort,Nadya 17 — Toto Nusantara,,0,0,,0,0,0,0,0,0,0,0,0,0,0,0,0,0,0,0,0,0,0,0,0,0,0,0
