Detail ID,Cluster,Kavling,Tanggal,Kontraktor,Nilai Kontrak,Terbayar,Sisa,Dicatat oleh
1,EazyKost Joyo Agung,RK 01,2026-09-23 09:31,DWI,335750000,0,335750000,Handik
1,EazyKost Joyo Agung,RK 01,2026-09-21 09:56,DWI,335750000,0,335750000,Handik
1,EazyKost Joyo Agung,RK 01,2026-09-21 09:47,DWI,335750000,0,335750000,Handik
1,EazyKost Joyo Agung,RK 01,2026-02-21 00:00,DWI,335750000,0,335750000,
2,EazyKost Joyo Agung,RK 02,2026-09-23 09:33,JAINUL,333200000,0,333200000,Handik
2,EazyKost Joyo Agung,RK 02,2026-02-21 00:00,JAINUL,333200000,0,333200000,
3,EazyKost Joyo Agung,RK 03,2026-09-23 09:36,JAINUL,333200000,0,333200000,Handik
3,EazyKost Joyo Agung,RK 03,2026-09-23 09:35,JAINUL,333200000,0,333200000,Handik
3,EazyKost Joyo Agung,RK 03,2026-02-21 00:00,JAINUL,333200000,0,333200000,
4,EazyKost Joyo Agung,RK 04,2026-09-23 09:37,JAINUL,362700000,0,362700000,Handik
4,EazyKost Joyo Agung,RK 04,2026-02-21 00:00,JAINUL,362700000,0,362700000,
5,EazyKost Joyo Agung,RK 05,2026-09-25 10:10,RIADI,323000000,0,323000000,Handik
5,EazyKost Joyo Agung,RK 05,2026-09-23 09:38,RIADI,323000000,0,323000000,Handik
5,EazyKost Joyo Agung,RK 05,2026-02-21 00:00,RIADI,323000000,0,323000000,
6,EazyKost Joyo Agung,RK 06,2026-09-25 10:12,,325125000,0,325125000,Handik
6,EazyKost Joyo Agung,RK 06,2026-09-23 10:01,,325125000,0,325125000,Handik
6,EazyKost Joyo Agung,RK 06,2026-02-21 00:00,,325125000,0,325125000,
7,EazyKost Joyo Agung,RK 07,2026-09-25 10:13,RIADI,331500000,0,331500000,Handik
7,EazyKost Joyo Agung,RK 07,2026-09-23 10:31,RIADI,331500000,0,331500000,Handik
7,EazyKost Joyo Agung,RK 07,2026-09-23 10:30,RIADI,331500000,0,331500000,Handik
7,EazyKost Joyo Agung,RK 07,2026-02-21 00:00,RIADI,331500000,0,331500000,
8,EazyKost Joyo Agung,RK 08,2026-09-25 10:14,JAINUL,331500000,0,331500000,Handik
8,EazyKost Joyo Agung,RK 08,2026-09-23 10:32,JAINUL,331500000,0,331500000,Handik
8,EazyKost Joyo Agung,RK 08,2026-09-23 10:32,JAINUL,331500000,0,331500000,Handik
8,EazyKost Joyo Agung,RK 08,2026-02-21 00:00,JAINUL,331500000,0,331500000,
9,EazyKost Joyo Agung,RK 09,2026-09-25 10:15,JAINUL,358800000,0,358800000,Handik
9,EazyKost Joyo Agung,RK 09,2026-09-23 10:33,JAINUL,358800000,0,358800000,Handik
9,EazyKost Joyo Agung,RK 09,2026-02-21 00:00,JAINUL,358800000,0,358800000,
10,EazyKost Joyo Agung,RK 10,2026-09-23 10:36,RIADI,323000000,0,323000000,Handik
10,EazyKost Joyo Agung,RK 10,2026-02-21 00:00,RIADI,323000000,0,323000000,
11,EazyKost Joyo Agung,RK 11,2026-09-23 10:38,RIADI,361000000,0,361000000,Handik
11,EazyKost Joyo Agung,RK 11,2026-02-21 00:00,RIADI,361000000,0,361000000,
12,EazyKost Joyo Agung,RK 12,2026-09-25 10:17,DWI,335750000,0,335750000,Handik
12,EazyKost Joyo Agung,RK 12,2026-09-23 10:38,DWI,335750000,0,335750000,Handik
12,EazyKost Joyo Agung,RK 12,2026-02-21 00:00,DWI,335750000,0,335750000,
13,EazyKost Joyo Agung,RK 13,2026-09-23 10:41,JAINUL,333200000,0,333200000,Handik
13,EazyKost Joyo Agung,RK 13,2026-02-21 00:00,JAINUL,333200000,0,333200000,
14,EazyKost Joyo Agung,RK 13,2026-09-25 10:21,JAENAL,333200000,0,333200000,Handik
15,EazyKost Joyo Agung,RK 14,2026-09-25 10:21,RIADI,323000000,0,323000000,Handik
15,EazyKost Joyo Agung,RK 14,2026-09-23 10:43,RIADI,323000000,0,323000000,Handik
15,EazyKost Joyo Agung,RK 14,2026-02-21 00:00,RIADI,323000000,0,323000000,
16,EazyKost Sigura-gura,A 2,2026-09-25 09:43,SKM,1060164000,0,1060164000,Handik
16,EazyKost Sigura-gura,A 2,2026-09-23 10:43,SKM,1062577500,0,1062577500,Handik
16,EazyKost Sigura-gura,A 2,2026-01-16 00:00,SKM,1062577500,0,1062577500,
17,EazyKost Sigura-gura,B 4,2026-09-23 10:58,SKM,676164240,0,676164240,Handik
17,EazyKost Sigura-gura,B 4,2026-01-16 00:00,SKM,676164240,0,676164240,
18,EazyKost Sigura-gura,B 3,2026-09-23 10:56,SKM,676164240,0,676164240,Handik
18,EazyKost Sigura-gura,B 3,2026-01-16 00:00,SKM,676164240,0,676164240,
19,EazyKost Sigura-gura,B 1,2026-01-16 00:00,SKM,676164240,0,676164240,
20,EazyKost Sigura-gura,B 2,2026-01-16 00:00,SKM,676164240,0,676164240,
21,EazyKost Sigura-gura,A 7,2026-09-25 09:54,INDRA,901558400,0,901558400,Handik
21,EazyKost Sigura-gura,A 7,2026-01-16 00:00,INDRA,901558400,0,901558400,
22,EazyKost Sigura-gura,B 5,2026-09-25 10:00,SKM,676164240,0,676164240,Handik
22,EazyKost Sigura-gura,B 5,2026-01-16 00:00,SKM,676164240,0,676164240,
23,EazyKost Sigura-gura,A 3,2026-09-25 09:48,SKM,991565939,0,991565939,Handik
23,EazyKost Sigura-gura,A 3,2026-09-23 10:46,SKM,991565939,0,991565939,Handik
23,EazyKost Sigura-gura,A 3,2026-01-16 00:00,SKM,991565939,0,991565939,
24,EazyKost Sigura-gura,B 7,2026-09-25 10:02,CMA,676080000,0,676080000,Handik
24,EazyKost Sigura-gura,B 7,2026-01-16 00:00,CMA,676080000,0,676080000,
25,EazyKost Sigura-gura,B 8,2026-09-25 10:02,CMA,676080000,0,676080000,Handik
25,EazyKost Sigura-gura,B 8,2026-01-16 00:00,CMA,676080000,0,676080000,
26,EazyKost Sigura-gura,B 12,2026-01-16 00:00,CMA,1352160000,0,1352160000,
27,EazyKost Sigura-gura,A 6,2026-01-16 00:00,SKM,957600000,0,957600000,
28,EazyKost Sigura-gura,B 6,2026-09-25 10:01,CMA,676000000,0,676000000,Handik
28,EazyKost Sigura-gura,B 6,2026-09-23 11:00,CMA,676080000,0,676080000,Handik
28,EazyKost Sigura-gura,B 6,2026-09-23 10:59,CMA,676080000,0,676080000,Handik
28,EazyKost Sigura-gura,B 6,2026-01-16 00:00,CMA,676080000,0,676080000,
29,EazyKost Sigura-gura,B 9,2026-01-16 00:00,CMA,676080000,0,676080000,
30,EazyKost Sigura-gura,A 4,2026-09-25 09:51,SKM,957600000,0,957600000,Handik
30,EazyKost Sigura-gura,A 4,2026-09-23 10:50,SKM,957600000,0,957600000,Handik
30,EazyKost Sigura-gura,A 4,2026-01-16 00:00,SKM,957600000,0,957600000,
31,EazyKost Sigura-gura,B 10,2026-09-25 10:05,CMA,676000000,0,676000000,Handik
31,EazyKost Sigura-gura,B 10,2026-09-23 10:54,CMA,676080000,0,676080000,Handik
31,EazyKost Sigura-gura,B 10,2026-01-16 00:00,CMA,676080000,0,676080000,
32,EazyKost Sigura-gura,A 5,2026-09-25 09:52,SKM,957600000,0,957600000,Handik
32,EazyKost Sigura-gura,A 5,2026-01-16 00:00,SKM,957600000,0,957600000,
33,EazyKost Sigura-gura,B 11,2026-09-25 10:05,CMA,676000000,0,676000000,Handik
33,EazyKost Sigura-gura,B 11,2026-01-16 00:00,CMA,676080000,0,676080000,
34,EazyKost Sigura-gura,A 1,2026-01-16 00:00,X,0,0,0,
35,Lumiera Garden,LK 7,2026-09-25 10:41,Listyo,327250000,0,327250000,Handik
35,Lumiera Garden,LK 7,2026-09-23 11:25,Listyo,327250000,0,327250000,Handik
35,Lumiera Garden,LK 7,2026-07-13 00:00,Listyo,327250000,0,327250000,
36,Lumiera Garden,LK 8,2026-09-25 10:42,Listyo,327250000,0,327250000,Handik
36,Lumiera Garden,LK 8,2026-09-23 13:05,Listyo,327250000,0,327250000,Handik
36,Lumiera Garden,LK 8,2026-09-23 11:36,Listyo,327250000,0,327250000,Handik
36,Lumiera Garden,LK 8,2026-07-13 00:00,Listyo,327250000,0,327250000,
37,Lumiera Garden,LK 9,2026-09-25 10:43,CMA,340000000,0,340000000,Handik
37,Lumiera Garden,LK 9,2026-09-23 13:07,CMA,340000000,0,340000000,Handik
37,Lumiera Garden,LK 9,2026-07-13 00:00,CMA,340000000,0,340000000,
38,Lumiera Garden,LK 10,2026-09-25 10:44,CMA,340000000,0,340000000,Handik
38,Lumiera Garden,LK 10,2026-09-23 13:08,CMA,340000000,0,340000000,Handik
38,Lumiera Garden,LK 10,2026-09-23 11:09,CMA,340000000,0,340000000,Handik
38,Lumiera Garden,LK 10,2026-07-13 00:00,CMA,340000000,0,340000000,
39,Lumiera Garden,LK 12,2026-09-25 10:46,Richi,331500000,0,331500000,Handik
39,Lumiera Garden,LK 12,2026-09-23 11:12,Richi,331500000,0,331500000,Handik
39,Lumiera Garden,LK 12,2026-07-13 00:00,Richi,331500000,0,331500000,
40,Lumiera Garden,LK 6,2026-09-25 10:39,Desta,327250000,0,327250000,Handik
40,Lumiera Garden,LK 6,2026-09-23 11:22,Desta,327250000,0,327250000,Handik
40,Lumiera Garden,LK 6,2026-07-13 00:00,Desta,327250000,0,327250000,
41,Lumiera Garden,LK 2,2026-09-23 11:16,Riadi,323000000,0,323000000,Handik
41,Lumiera Garden,LK 2,2026-07-13 00:00,Riadi,323000000,0,323000000,
42,Lumiera Garden,LK 3,2026-09-23 11:17,Riadi,323000000,0,323000000,Handik
42,Lumiera Garden,LK 3,2026-07-13 00:00,Riadi,323000000,0,323000000,
43,Lumiera Garden,C 2,2026-07-13 00:00,Kurniawan,225000000,0,225000000,
44,Lumiera Garden,C 3,2026-09-23 11:07,Kurniawan,225000000,0,225000000,Handik
44,Lumiera Garden,C 3,2026-07-13 00:00,Kurniawan,225000000,0,225000000,
45,Lumiera Garden,LK 11,2026-09-23 11:11,Richi,333625000,0,333625000,Handik
45,Lumiera Garden,LK 11,2026-07-13 00:00,Richi,333625000,0,333625000,
46,Lumiera Garden,LK 4,2026-09-23 11:18,Richi,333625000,0,333625000,Handik
46,Lumiera Garden,LK 4,2026-07-13 00:00,Richi,333625000,0,333625000,
47,Lumiera Garden,LK 5,2026-09-23 11:19,Desta,327250000,0,327250000,Handik
47,Lumiera Garden,LK 5,2026-07-13 00:00,Desta,327250000,0,327250000,
48,Lumiera Garden,LK 22,2026-09-25 10:52,Siswoyo,331500000,0,331500000,Handik
48,Lumiera Garden,LK 22,2026-09-23 13:12,Siswoyo,331500000,0,331500000,Handik
48,Lumiera Garden,LK 22,2026-07-13 00:00,Siswoyo,331500000,0,331500000,
49,Lumiera Garden,LK 23,2026-09-25 10:53,Siswoyo,331500000,0,331500000,Handik
49,Lumiera Garden,LK 23,2026-09-23 13:13,Siswoyo,331500000,0,331500000,Handik
49,Lumiera Garden,LK 23,2026-09-17 12:20,Siswoyo,331500000,0,331500000,
49,Lumiera Garden,LK 23,2026-09-17 11:42,Siswoyo,331500000,0,331500000,
49,Lumiera Garden,LK 23,2026-07-13 00:00,Siswoyo,331500000,0,331500000,
50,Lumiera Garden,LK 19,2026-09-25 10:51,Abdillah,331500000,0,331500000,Handik
50,Lumiera Garden,LK 19,2026-09-25 10:50,Abdillah,331500000,0,331500000,Handik
50,Lumiera Garden,LK 19,2026-07-13 00:00,Abdillah,331500000,0,331500000,
51,Lumiera Garden,LK 17,2026-09-25 10:49,Abdillah,331500000,0,331500000,Handik
51,Lumiera Garden,LK 17,2026-07-13 00:00,Abdillah,331500000,0,331500000,
52,Lumiera Garden,C 4,2026-07-13 00:00,Kurniawan,281200000,0,281200000,
53,Lumiera Garden,LK 21,2026-07-13 00:00,MCA,335750000,0,335750000,
54,Lumiera Garden,LK 24,2026-07-13 00:00,Riadi,660000000,0,660000000,
55,Lumiera Garden,LK 1,2026-07-13 00:00,MCA,660000000,0,660000000,
56,Lumiera Garden,A 2,2026-09-25 10:29,RIO,657900000,0,657900000,Handik
56,Lumiera Garden,A 2,2026-07-13 00:00,X,657900000,0,657900000,
57,Lumiera Garden,A 4,2026-09-25 10:27,Siswoyo,673200000,0,673200000,Handik
57,Lumiera Garden,A 4,2026-07-13 00:00,Siswoyo,673200000,0,673200000,
58,Lumiera Garden,LK 18,2026-09-25 10:50,X,365500000,0,365500000,Handik
58,Lumiera Garden,LK 18,2026-07-13 00:00,X,365500000,0,365500000,
59,Lumiera Garden,LK 15,2026-09-25 10:47,X,365500000,0,365500000,Handik
59,Lumiera Garden,LK 15,2026-07-13 00:00,X,365500000,0,365500000,
60,Lumiera Garden,A 07,2026-09-25 10:25,X,657900000,0,657900000,Handik
60,Lumiera Garden,A 07,2026-07-13 00:00,X,657900000,0,657900000,
61,Lumiera Garden,LK 13,2026-07-13 00:00,Triyo,374000000,0,374000000,
62,Lumiera Garden,A 05,2026-07-13 00:00,Triyo,673200000,0,673200000,
63,Lumiera Garden,A 01,2026-07-13 00:00,,0,0,0,
64,Lumiera Garden,B 09,2026-07-13 00:00,,0,0,0,
65,Lumiera Garden,LK 16,2026-07-13 00:00,Riadi,411136000,0,411136000,
66,Mayana Resort,Nadya 15,2026-07-13 00:00,,0,0,0,
67,Mayana Resort,Nadya 17,2026-07-13 00:00,,0,0,0,
