Detail ID,Cluster,Kavling,Tanggal,Jenis,Deskripsi,Rencana,Terbayar,Status
39,Lumiera Garden,LK 12,25 Sep 2026,Retensi,Pembayaran Retensi 5% LK-12 (SPK No. 022/SPK. ADP/IV/2025),16375000,0,Belum Lunas
40,Lumiera Garden,LK 6,25 Sep 2026,Retensi,Pembayaran Termin 100% (Perbaikan) LK-06 (SPK No. 036/SPK.ADP/VI/2025),4226000,0,Belum Lunas
45,Lumiera Garden,LK 11,25 Sep 2026,Retensi,Pembayaran Retensi 5% LK-11 (SPK No. 025/SPK. ADP/V/2025),16481250,0,Belum Lunas
46,Lumiera Garden,LK 4,25 Sep 2026,Retensi,Pembayaran Retensi 5% LK-04 (SPK No. 037/SPK. ADP/VII/2025),16681250,0,Belum Lunas
49,Lumiera Garden,LK 23,25 Sep 2026,Termin,Pembayaran Termin 2 100% LK-23 (SPK No. 058/SPK. ADP/X/2025),149175000,0,Belum Lunas
49,Lumiera Garden,LK 23,25 Sep 2026,Addendum,Pembayaran Pekerjaan Tambahan LK-23,8210000,0,Belum Lunas
57,Lumiera Garden,A 4,25 Sep 2026,Termin,Pembayaran Termin 1 50% A-04 (SPK No. 022/SPK. ADP/VI/2026),336000000,0,Belum Lunas
58,Lumiera Garden,LK 18,02 Oct 2026,Termin,Termin 1 50% LK-18 (SPK No. 024/SPK.ADP/VI/2026)-Rio Danansartika,182750000,0,Belum Lunas
59,Lumiera Garden,LK 15,02 Oct 2026,Termin,Termin 1 50% LK-15 (SPK No. 023/SPK.ADP/VI/2026)-Rio Danansartika,182750000,0,Belum Lunas
