No,Jenis Pekerjaan,Jan,Feb,Mar,Apr,Mei,Jun,Jul,Ags,Sep,Okt,Nov,Des,Total 2026
1,Termin Lahan,,,,,,,,100000,,,,,100000
2,Fasum,,,,,,,,,,165000000,,,165000000
3,Marketing,,,,,,,,1000000,,,,,1000000
4,Desain & Legal,,,,,,,,,245580160,,,,245580160
5,Konstruksi,,,,,,,,,1017148500,365500000,,,1382648500
6,Operasional,,,,,,,,53765000,63493300,53765000,53765000,53765000,278553300
7,Komisi Marketing,,,,,,,,,64477000,,,,64477000
8,SSP/PPh,,,,,,,,,,52781100,,,52781100
9,"Furniture, AC, WH, EF",,,,,,,,,125730000,137739000,,,263469000
10,BPHTB,,,,,,,,,,91000000,,,91000000
11,PPN,,,,,,,,,,,,,
12,AJB & BBN,,,,,,,,,3500000,30450000,,,33950000
13,Komisi Pembelian Tanah,,,,,,,,,,,,,
14,SLF,,,,,,,,,,10000000,,,10000000
15,Token Listrik,,,,,,,,,8998900,93636,,,9092536
