No,Kavling,Progress Minggu Lalu,Progress Minggu Ini,Kemajuan Progress,Rencana Progress,Deviasi Minggu Ini,Minggu Ke-,Kontraktor,Rencana Serah Terima,Termin Belum Terbayar,Rencana BAST,Waktu Keterlambatan,Status
1,RK 01,,,,,,,DWI,20 Jan 2026,,20 Jan 2026,255 hari,TERLAMBAT
2,RK 02,,,,,,,JAINUL,21 Dec 2025,,21 Dec 2025,285 hari,TERLAMBAT
3,RK 03,,,,,,,JAINUL,03 Feb 2026,,03 Feb 2026,241 hari,TERLAMBAT
4,RK 04,,,,,,,JAINUL,19 Dec 2025,,19 Dec 2025,287 hari,TERLAMBAT
5,RK 05,,,,,,,RIADI,19 Dec 2025,,19 Dec 2025,287 hari,TERLAMBAT
6,RK 06,,,,,,,,06 Aug 2025,,06 Aug 2026,57 hari,TERLAMBAT
7,RK 07,,95.00,,,,39,RIADI,20 Jul 2026,,20 Jul 2026,74 hari,TERLAMBAT
8,RK 08,,,,,,,JAINUL,27 Sep 2025,,27 Sep 2025,370 hari,TERLAMBAT
9,RK 09,,,,,,,JAINUL,08 Nov 2025,,08 Nov 2025,328 hari,TERLAMBAT
10,RK 10,,,,,,,RIADI,10 Jan 2026,,10 Jan 2026,265 hari,TERLAMBAT
11,RK 11,,,,,,,RIADI,05 Apr 2026,,05 Apr 2026,180 hari,TERLAMBAT
12,RK 12,,,,,,,DWI,04 Oct 2025,,04 Oct 2025,363 hari,TERLAMBAT
13,RK 13,,,,,,,JAENAL,,,,,ON PROGRESS
14,RK 14,,,,,,,RIADI,23 Dec 2025,,23 Dec 2025,283 hari,TERLAMBAT
1,A 2,,100.00,,,,3,SKM,,,01 May 2024,,CLOSE
2,A 3,,,,,,,SKM,06 Jun 2025,,01 Jun 2025,488 hari,TERLAMBAT
3,A 4,,,,,,,SKM,16 Jun 2026,,01 May 2026,154 hari,TERLAMBAT
4,A 5,,,,,,,SKM,,,01 Jun 2026,123 hari,TERLAMBAT
5,A 6,,,,,,,SKM,06 Apr 2026,,01 Apr 2026,184 hari,TERLAMBAT
6,A 7,,100.00,,,,3,INDRA,20 Dec 2024,,01 Dec 2024,,CLOSE
7,B 1,,100.00,,,,3,SKM,29 Sep 2024,,01 Sep 2024,,CLOSE
8,B 10,,,,,,,CMA,18 Jun 2026,,01 Mar 2026,215 hari,TERLAMBAT
9,B 11,,,,,,,CMA,21 Aug 2026,,01 Jun 2026,123 hari,TERLAMBAT
10,B 12,,,,,,,CMA,27 Feb 2026,,01 Feb 2025,608 hari,TERLAMBAT
11,B 2,,100.00,,,,3,SKM,09 Aug 2024,,01 Jul 2024,,CLOSE
12,B 3,,100.00,,,,3,SKM,29 Jul 2024,,01 Jul 2024,,CLOSE
13,B 4,,100.00,,,,3,SKM,22 Jun 2024,,01 Jun 2024,,CLOSE
14,B 5,,100.00,,,,3,SKM,20 Feb 2024,,01 Feb 2025,,CLOSE
15,B 6,,,,,,,CMA,23 Apr 2026,,01 May 2026,154 hari,TERLAMBAT
16,B 7,,,,,,,CMA,03 Jul 2025,,01 Jul 2025,458 hari,TERLAMBAT
17,B 8,,100.00,,,,3,CMA,05 Jul 2025,,01 Jul 2025,,CLOSE
18,B 9,,,,,,,CMA,12 Jun 2026,,01 Mar 2026,215 hari,TERLAMBAT
1,A 05,,,,,,,Triyo,23 Jul 2027,,,,ON PROGRESS
2,A 07,,,,,,,X,24 May 2027,,,,ON PROGRESS
3,A 2,,,,,,,RIO,09 Apr 2027,,,,ON PROGRESS
4,A 4,,,,,,,Siswoyo,09 Apr 2027,336000000,,,ON PROGRESS
5,C 2,,,,,,,Kurniawan,25 Apr 2026,,28 Jan 2027,,ON PROGRESS
6,C 3,,,,,,,Kurniawan,28 Apr 2026,,28 Jan 2027,,ON PROGRESS
7,C 4,,,,,,,Kurniawan,22 Oct 2026,,06 Sep 2027,,ON PROGRESS
8,LK 1,,,,,,,MCA,02 Feb 2027,,29 Dec 2027,,ON PROGRESS
9,LK 10,,,,,,,CMA,25 Mar 2026,,08 Dec 2026,,ON PROGRESS
10,LK 11,,,,,,,Richi,,,28 Jan 2027,,ON PROGRESS
11,LK 12,,,,,,,Richi,07 Apr 2026,,30 Dec 2026,,ON PROGRESS
12,LK 13,,,,,,,Triyo,23 Jul 2027,,,,ON PROGRESS
13,LK 15,,,,,,,X,28 Apr 2027,182750000,,,ON PROGRESS
14,LK 16,,,,,,,Riadi,07 Aug 2027,,,,ON PROGRESS
15,LK 17,,,,,,,Abdillah,21 Oct 2026,,12 Aug 2027,,ON PROGRESS
16,LK 18,,,,,,,X,25 Apr 2027,182750000,,,ON PROGRESS
17,LK 19,,,,,,,Abdillah,20 Oct 2026,,12 Aug 2027,,ON PROGRESS
18,LK 2,,,,,,,Riadi,30 Mar 2026,,28 Feb 2027,,ON PROGRESS
19,LK 21,,,,,,,MCA,04 Nov 2026,,29 Dec 2027,,ON PROGRESS
20,LK 22,,95.00,,,,38,Siswoyo,20 Nov 2026,,,,ON PROGRESS
21,LK 23,,,,,,,Siswoyo,21 Sep 2026,149175000,,,ON PROGRESS
22,LK 24,,,,,,,Riadi,08 Jan 2027,,23 Dec 2027,,ON PROGRESS
23,LK 3,,,,,,,Riadi,08 Apr 2026,,28 Jan 2027,,ON PROGRESS
24,LK 4,,,,,,,Richi,01 May 2026,,03 Mar 2027,,ON PROGRESS
25,LK 5,,,,,,,Desta,,,13 May 2027,,ON PROGRESS
26,LK 6,,,,,,,Desta,26 Mar 2026,,21 Apr 2027,,ON PROGRESS
27,LK 7,,,,,,,Listyo,19 Mar 2026,,08 Dec 2026,,ON PROGRESS
28,LK 8,,,,,,,Listyo,02 Mar 2026,,08 Dec 2026,,ON PROGRESS
29,LK 9,,,,,,,CMA,23 Mar 2026,,08 Dec 2026,,ON PROGRESS
1,Nadya 15,,,,,,,,23 Mar 2026,,,,ON PROGRESS
2,Nadya 17,,,,,,,,,,,,ON PROGRESS
