No,Proyek,Kavling,SLF,BAST,AJB,BPHTB,PPH,Balik Nama,SHGB,Komplit,%
1,EazyKost Joyo Agung,RK 01,,✓ 30/09/2026,,✓ 30/09/2026,,,,,25
2,EazyKost Joyo Agung,RK 02,,✓ 30/09/2026,✓ 23/09/2026,✓ 30/09/2026,,,,,38
3,EazyKost Joyo Agung,RK 03,,,,✓ 30/09/2026,✓ 30/09/2026,,,,25
4,EazyKost Joyo Agung,RK 04,,,,,✓ 30/09/2026,✓ 30/09/2026,,,25
5,EazyKost Joyo Agung,RK 05,,,,,,,,,0
6,EazyKost Joyo Agung,RK 06,,,,,,,,,0
7,EazyKost Joyo Agung,RK 07,,,,,,,,,0
8,EazyKost Joyo Agung,RK 08,,,,,,,,,0
9,EazyKost Joyo Agung,RK 09,,,,,,,,,0
10,EazyKost Joyo Agung,RK 10,,,,,,,,,0
11,EazyKost Joyo Agung,RK 11,,,,,,,,,0
12,EazyKost Joyo Agung,RK 12,,,,,,,,,0
13,EazyKost Joyo Agung,RK 13,,,,,,,,,0
14,EazyKost Joyo Agung,RK 14,,,,,,,,,0
15,EazyKost Sigura-gura,A 2,,,,,,,,,0
16,EazyKost Sigura-gura,A 3,,,,,,,,,0
17,EazyKost Sigura-gura,A 4,,,,,,,,,0
18,EazyKost Sigura-gura,A 5,,,,,,,,,0
19,EazyKost Sigura-gura,A 6,,,,,,,,,0
20,EazyKost Sigura-gura,A 7,,,,,,,,,0
21,EazyKost Sigura-gura,B 1,,,,,,,,,0
22,EazyKost Sigura-gura,B 2,,,,,,,,,0
23,EazyKost Sigura-gura,B 3,,,,,,,,,0
24,EazyKost Sigura-gura,B 4,,,,,,,,,0
25,EazyKost Sigura-gura,B 5,,,,,,,,,0
26,EazyKost Sigura-gura,B 6,,,,,,,,,0
27,EazyKost Sigura-gura,B 7,,,,,,,,,0
28,EazyKost Sigura-gura,B 8,,,,,,,,,0
29,EazyKost Sigura-gura,B 9,,,,,,,,,0
30,EazyKost Sigura-gura,B 10,,,,,,,,,0
31,EazyKost Sigura-gura,B 11,,,,,,,,,0
32,EazyKost Sigura-gura,B 12,,,,,,,,,0
33,Lumiera Garden,A 05,,,,,,,,,0
34,Lumiera Garden,A 07,,,,,,,,,0
35,Lumiera Garden,A 2,,,,,,,,,0
36,Lumiera Garden,A 4,,,,,,,,,0
37,Lumiera Garden,C 2,,,,,,,,,0
38,Lumiera Garden,C 3,,,,,,,,,0
39,Lumiera Garden,C 4,,,,,,,,,0
40,Lumiera Garden,LK 1,,,,,,,,,0
41,Lumiera Garden,LK 2,,,,,,,,,0
42,Lumiera Garden,LK 3,,,,,,,,,0
43,Lumiera Garden,LK 4,,,,,,,,,0
44,Lumiera Garden,LK 5,,,,,,,,,0
45,Lumiera Garden,LK 6,,,,,,,,,0
46,Lumiera Garden,LK 7,,,,,,,,,0
47,Lumiera Garden,LK 8,,,,,,,,,0
48,Lumiera Garden,LK 9,,,,,,,,,0
49,Lumiera Garden,LK 10,,,,,,,,,0
50,Lumiera Garden,LK 11,,,,,,,,,0
51,Lumiera Garden,LK 12,,,,,,,,,0
52,Lumiera Garden,LK 13,,,,,,,,,0
53,Lumiera Garden,LK 15,,,,,,,,,0
54,Lumiera Garden,LK 16,,,,,,,,,0
55,Lumiera Garden,LK 17,,,,,,,,,0
56,Lumiera Garden,LK 18,,,,,,,,,0
57,Lumiera Garden,LK 19,,,,,,,,,0
58,Lumiera Garden,LK 21,,,,,,,,,0
59,Lumiera Garden,LK 22,,,,,,,,,0
60,Lumiera Garden,LK 23,,,,,,,,,0
61,Lumiera Garden,LK 24,,,,,,,,,0
62,Mayana Resort,Nadya 03,,,,,,,,,0
63,Mayana Resort,Nadya 15,,,,,,,,,0
64,Mayana Resort,Nadya 17,,,,,,,,,0
