Kode,Nama Akun,Saldo Normal,Jenis,Kas,Perusahaan
10,AKTIVA LANCAR,,,,5/5
10.101,KAS & BANK,,,,5/5
10.101.001,KAS KECIL,Debit,Neraca,TUNAI,5/5
10.101.002,CASH/TUNAI,Debit,Neraca,BANK,5/5
10.101.003,BCA PT. ADHILAND JOYO AGUNG (8161-960-098),Debit,Neraca,BANK,5/5
10.101.004,SILANG KAS,Debit,Neraca,,5/5
10.101.005,BCA MUHAMMAD SYAILENDRA PRATAMA (018-7580-777),Debit,Neraca,BANK,5/5
10.101.006,BCA PT. ADHI PROPERTY INDONESIA (8161-918-601),Debit,Neraca,BANK,3/5
10.101.007,BANK PBNU (1440030817172 an PT. Prima Bangun Negeri Utama),Debit,Neraca,BANK,1/5
10.101.008,KAS DEPOSITO SAHLAN,Debit,Neraca,,1/5
10.102,PIUTANG USAHA,,,,5/5
10.102.001,PIUTANG KONSUMEN KAVLING,Debit,Neraca,,5/5
10.102.002,PIUTANG KONSUMEN KAVLING,Debit,Neraca,,5/5
10.102.003,PIUTANG KONSUMEN KAVLING,Debit,Neraca,,5/5
10.102.004,PIUTANG KONSUMEN KAVLING,Debit,Neraca,,5/5
10.102.005,PIUTANG KONSUMEN KAVLING,Debit,Neraca,,5/5
10.102.006,PIUTANG KONSUMEN KAVLING,Debit,Neraca,,5/5
10.102.007,PIUTANG KONSUMEN KAVLING,Debit,Neraca,,5/5
10.102.008,PIUTANG KONSUMEN KAVLING,Debit,Neraca,,4/5
10.102.009,PIUTANG MAYANA RESORT,Debit,Neraca,,4/5
10.102.010,PIUTANG SIGURA-GURA,Debit,Neraca,,4/5
10.102.011,PIUTANG KARYAWAN,Debit,Neraca,,4/5
10.102.012,PIUTANG PERMATA JINGGA,Debit,Neraca,,4/5
10.102.013,PIUTANG LUMIERA GARDEN,Debit,Neraca,,4/5
10.102.014,PIUTANG JOYO AGUNG RK-1A,Debit,Neraca,,4/5
10.102.999,PIUTANG LAINNYA,Debit,Neraca,,5/5
10.102.015,PIUTANG KONSUMEN B-07,Debit,Neraca,,1/5
10.102.016,PIUTANG KONSUMEN B-08,Debit,Neraca,,1/5
10.102.017,PIUTANG KONSUMEN B-09,Debit,Neraca,,1/5
10.102.018,PIUTANG KONSUMEN B-10,Debit,Neraca,,1/5
10.102.019,PIUTANG KONSUMEN B-11,Debit,Neraca,,1/5
10.102.020,PIUTANG KONSUMEN B-12,Debit,Neraca,,1/5
10.102.021,PIUTANG MAYANA RESORT,Debit,Neraca,,1/5
10.102.022,PIUTANG OWNER,Debit,Neraca,,1/5
10.102.023,PIUTANG SUNSET VIEW RESIDENCE,Debit,Neraca,,1/5
10.102.024,PIUTANG BURING,Debit,Neraca,,1/5
10.102.025,PIUTANG TANAH JOYO AGUNG,Debit,Neraca,,1/5
10.102.026,PIUTANG KARYAWAN,Debit,Neraca,,1/5
10.102.027,PIUTANG JOYO AGUNG 2,Debit,Neraca,,1/5
10.102.028,PIUTANG MANAGEMENT KOST,Debit,Neraca,,1/5
10.102.110,PIUTANG LUMIERA GARDEN,Debit,Neraca,,1/5
10.103,BIAYA DIBAYAR DIMUKA,,,,5/5
10.103.001,BIAYA DIBAYAR DIMUKA,Debit,Neraca,,5/5
10.103.002,ASURANSI DIBAYAR DIMUKA,Debit,Neraca,,5/5
10.103.003,SEWA DIBAYAR DIMUKA,Debit,Neraca,,5/5
10.103.004,PAJAK DIBAYAR DIMUKA,Debit,Neraca,,5/5
10.103.005,PPN MASUKAN,Debit,Neraca,,5/5
10.103.006,Angs. PPH Badan Psl 25,Debit,Neraca,,5/5
10.103.007,TITIPAN PAJAK KE NOTARIS,Debit,Neraca,,4/5
10.103.999,LAIN-LAIN,Debit,Neraca,,5/5
10.201,PERSEDIAAN TANAH,,,,5/5
10.201.001,PERSEDIAAN TANAH,Debit,Neraca,,5/5
10.201.002,AMORTISASI PERSEDIAAN TANAH,Kredit,Neraca,,5/5
10.201.003,PPAT BELI TANAH,Debit,Neraca,,5/5
10.201.004,ADM. KECAMATAN & DESA,Debit,Neraca,,4/5
10.201.005,PENGURUSAN ADM. TANAH,Debit,Neraca,,4/5
10.201.006,BIAYA BALIK NAMA,Debit,Neraca,,4/5
10.201.007,BPHTB - BELI TANAH,Debit,Neraca,,4/5
10.201.008,PPh 4 (2) - BELI TANAH,Debit,Neraca,,4/5
10.201.009,AJB & AKTA PELEPASAN HAK,Debit,Neraca,,4/5
10.201.010,MATERAI,Debit,Neraca,,4/5
10.201.011,PERIJINAN,Debit,Neraca,,4/5
10.201.012,"PENGUKURAN ""BPN""",Debit,Neraca,,4/5
10.201.013,SITE PLAN,Debit,Neraca,,4/5
10.201.014,SLF,Debit,Neraca,,4/5
10.201.015,SERTIFIKAT INDUK,Debit,Neraca,,4/5
10.201.016,PBB INDUK,Debit,Neraca,,4/5
10.201.017,IJIN BINA MARGA,Debit,Neraca,,4/5
10.201.018,KOMPENSASI JALAN - KELUAR MASUK,Debit,Neraca,,4/5
10.201.019,KOMPENSASI MAKAM,Debit,Neraca,,4/5
10.201.020,KOMPENSASI WARGA,Debit,Neraca,,4/5
10.201.021,ADVISE PLANNING GAMBAR 3D,Debit,Neraca,,4/5
10.201.022,AKTA KERJASAMA,Debit,Neraca,,4/5
10.201.023,IJIN JEMBATAN,Debit,Neraca,,4/5
10.201.024,IJIN PENGEBORAN,Debit,Neraca,,4/5
10.201.025,"BERITA ACARA RUPS, SIUP",Debit,Neraca,,4/5
10.201.026,KOMISI PEMBELIAN TANAH,Debit,Neraca,,4/5
10.201.027,PAJAK HIBAH,Debit,Neraca,,4/5
10.201.028,SPLITZING SERTIFIKAT,Debit,Neraca,,4/5
10.201.999,LAIN-LAIN,Debit,Neraca,,4/5
10.201.029,IJIN JALAN - KELUAR MASUK,Debit,Neraca,,3/5
10.201.030,KOMPENSASI JALAN - KELUAR MASUK,Debit,Neraca,,1/5
10.201.031,KOMPENSASI MAKAM,Debit,Neraca,,1/5
10.201.032,KOMPENSASI WARGA,Debit,Neraca,,1/5
10.201.033,SKA DRAFTER,Debit,Neraca,,1/5
10.201.034,RETRIBUSI SLF,Debit,Neraca,,1/5
10.201.035,IJIN SEMPADAN SUNGAI,Debit,Neraca,,1/5
10.201.036,IJIN LINGKUNGAN,Debit,Neraca,,1/5
10.201.037,IJIN BONGKAR GUNUNG,Debit,Neraca,,1/5
10.201.038,IJIN JEMBATAN,Debit,Neraca,,1/5
10.201.039,"BERITA ACARA RUPS, SIUP",Debit,Neraca,,1/5
10.201.040,REKOMENDASI DINAS PERHUBUNGAN,Debit,Neraca,,1/5
10.201.041,ACARA PEMBUKAAN PROYEK,Debit,Neraca,,1/5
10.201.042,JAMUAN,Debit,Neraca,,1/5
10.201.043,ADVISE PLANNING GAMBAR 3D,Debit,Neraca,,1/5
10.202,PRASARANA,,,,5/5
10.202.001,PEMATANGAN LAHAN,Debit,Neraca,,5/5
10.202.002,PENGUKURAN BLOK-KAVLING,Debit,Neraca,,5/5
10.202.003,PERATAAN TANAH/CUT & FILL,Debit,Neraca,,5/5
10.202.004,PAVING,Debit,Neraca,,5/5
10.202.005,SALURAN,Debit,Neraca,,5/5
10.202.006,DUIKER JALAN,Debit,Neraca,,5/5
10.202.007,TURAP,Debit,Neraca,,5/5
10.202.008,TAMAN DAN PENGHIJAUAN,Debit,Neraca,,5/5
10.202.009,PINTU GERBANG & POS JAGA,Debit,Neraca,,5/5
10.202.010,NAMA JALAN & RAMBU LALU LINTAS,Debit,Neraca,,5/5
10.202.011,TEMPAT PEMBUANGAN SAMPAH,Debit,Neraca,,5/5
10.202.012,PENERANGAN JALAN UMUM,Debit,Neraca,,5/5
10.202.013,PAGAR LINGKUNGAN,Debit,Neraca,,5/5
10.202.014,PERBAIKAN JALAN UMUM,Debit,Neraca,,5/5
10.202.015,KEAMANAN,Debit,Neraca,,5/5
10.202.016,UPAH HARIAN PROYEK,Debit,Neraca,,5/5
10.202.017,BAHAN,Debit,Neraca,,5/5
10.202.018,SALURAN DISTRIBUSI AIR,Debit,Neraca,,5/5
10.202.019,MUSHOLA,Debit,Neraca,,5/5
10.202.020,TANDON AIR,Debit,Neraca,,4/5
10.202.021,"PDAM (PASANG BARU, TRANSMISI & DISTRIBUSI)",Debit,Neraca,,4/5
10.202.022,PENGEBORAN AIR BERSIH/SUMUR,Debit,Neraca,,4/5
10.202.023,JARINGAN LISTRIK PROYEK,Debit,Neraca,,4/5
10.202.024,FASUM,Debit,Neraca,,4/5
10.202.025,GUDANG,Debit,Neraca,,4/5
10.202.026,TOOLS / ALAT BANTU TEKNIK + Maintenance,Debit,Neraca,,4/5
10.202.027,OPERASIONAL KENDARAAN PROYEK,Debit,Neraca,,4/5
10.202.028,LISTRIK LOKASI,Debit,Neraca,,4/5
10.202.029,SARANA RUMAH,Debit,Neraca,,4/5
10.202.030,IMB (INDUK & UNIT),Debit,Neraca,,4/5
10.202.031,AIR BERSIH / PDAM UNIT,Debit,Neraca,,4/5
10.202.032,PLN UNIT,Debit,Neraca,,4/5
10.202.033,PBB UNIT,Debit,Neraca,,4/5
10.202.034,PPAT / AJB UNIT,Debit,Neraca,,4/5
10.202.035,SERTIFIKAT UNIT,Debit,Neraca,,4/5
10.202.036,SPLITZING PBB,Debit,Neraca,,4/5
10.202.037,PENINGKATAN HAK HGB KE SHM,Debit,Neraca,,4/5
10.202.038,BIAYA BALIK NAMA SERTIFIKAT,Debit,Neraca,,4/5
10.202.039,REK. LISTRIK RM BLM STR,Debit,Neraca,,4/5
10.202.040,JEMBATAN,Debit,Neraca,,4/5
10.202.041,PLENGSENG,Debit,Neraca,,4/5
10.202.999,LAIN-LAIN,Debit,Neraca,,5/5
10.202.042,PENINGKATAN HAK HGB KE SHM,Debit,Neraca,,3/5
10.202.043,BIAYA BALIK NAMA SERTIFIKAT,Debit,Neraca,,3/5
10.202.044,MARKETING OFFICE,Debit,Neraca,,1/5
10.202.045,REK. LISTRIK RM BLM STR,Debit,Neraca,,1/5
10.203,PERSEDIAAN BANGUNAN,,,,5/5
10.203.001,PERSEDIAAN BANGUNAN,Debit,Neraca,,5/5
10.203.002,AMORTISASI PERSEDIAAN BANGUNAN,Debit,Neraca,,5/5
10.203.003,PEKERJAAN TAMBAH RUMAH,Debit,Neraca,,5/5
10.203.004,PERSEDIAAN MATERIAL,Debit,Neraca,,5/5
10.203.005,AC,Debit,Neraca,,5/5
10.203.006,WATER HEATER,Debit,Neraca,,5/5
10.203.007,FURNITURE,Debit,Neraca,,5/5
10.203.008,BIAYA PEMASANGAN,Debit,Neraca,,5/5
10.203.999,LAIN-LAIN,Debit,Neraca,,5/5
10.203.009,NAMA JALAN & RAMBU LALU LINTAS,Debit,Neraca,,1/5
10.203.010,PENERANGAN JALAN UMUM,Debit,Neraca,,1/5
10.203.011,PAGAR LINGKUNGAN,Debit,Neraca,,1/5
10.203.012,PERBAIKAN JALAN UMUM,Debit,Neraca,,1/5
10.203.013,KEAMANAN,Debit,Neraca,,1/5
10.203.014,MARKETING GALERI,Debit,Neraca,,1/5
10.203.015,MUSHOLA,Debit,Neraca,,1/5
10.203.016,"PDAM (PASANG BARU, TRANSMISI & DISTRIBUSI)",Debit,Neraca,,1/5
10.203.017,PENGEBORAN AIR BERSIH/SUMUR,Debit,Neraca,,1/5
10.203.018,JARINGAN LISTRIK PROYEK,Debit,Neraca,,1/5
10.203.019,FASUM,Debit,Neraca,,1/5
10.203.020,GUDANG,Debit,Neraca,,1/5
10.204,PERSEDIAAN LAIN,,,,4/5
10.204.001,PERLENGKAPAN KANTOR,Debit,Neraca,,4/5
10.204.002,PERLENGKAPAN ORNAMEN,Debit,Neraca,,4/5
10.204.003,PERLENGKAPAN PROYEK,Debit,Neraca,,4/5
10.204.999,LAIN-LAIN,Debit,Neraca,,4/5
10.204.004,KOLAM RENANG,Debit,Neraca,,1/5
10.204.005,AC,Debit,Neraca,,1/5
10.204.006,WATER HEATER,Debit,Neraca,,1/5
10.204.007,FURNITURE,Debit,Neraca,,1/5
10.204.008,BIAYA PEMASANGAN,Debit,Neraca,,1/5
10.205,PERSEDIAAN LAIN,,,,2/5
10.205.001,PERLENGKAPAN KANTOR,Debit,Neraca,,2/5
10.205.002,PERLENGKAPAN PROYEK,Debit,Neraca,,2/5
10.205.999,LAIN-LAIN,Debit,Neraca,,2/5
11,AKTIVA TETAP,,,,5/5
11.101,INVENTARIS PERALATAN KANTOR,,,,5/5
11.101.001,PERALATAN KANTOR,Debit,Neraca,,5/5
11.101.002,AKUMULASI PENY. PERL. KANTOR,Kredit,Neraca,,5/5
11.102,INVENTARIS PERALATAN TEKNIK,,,,5/5
11.102.001,PERALATAN TEKNIK,Debit,Neraca,,5/5
11.102.002,AKUMULASI PENY. PERL. TEKNIK,Kredit,Neraca,,5/5
11.103,INVENTARIS KENDARAAN,,,,5/5
11.103.001,KENDARAAN,Debit,Neraca,,5/5
11.103.002,AKUM. PENYUSUTAN KENDARAAN,Kredit,Neraca,,5/5
11.104,INVENTARIS BANGUNAN,,,,5/5
11.104.001,BANGUNAN,Debit,Neraca,,5/5
11.104.002,AKUM. PENYUSUTAN BANGUNAN,Kredit,Neraca,,5/5
11.105,INVENTARIS BANGUNAN,,,,4/5
11.105.001,BANGUNAN,Debit,Neraca,,4/5
11.105.002,AKUM. PENYUSUTAN BANGUNAN,Kredit,Neraca,,4/5
20,HUTANG LANCAR,,,,5/5
20.101,PENDAPATAN DITERIMA DIMUKA,,,,5/5
20.101.001,UANG MUKA,Kredit,Neraca,,5/5
20.101.002,UANG TANDA JADI,Kredit,Neraca,,5/5
20.101.003,KELEBIHAN LUAS TANAH,Kredit,Neraca,,5/5
20.101.999,LAIN-LAIN,Kredit,Neraca,,5/5
20.102,HUTANG PAJAK,,,,5/5
20.102.001,PPH Psl 4 (2) ATAS JASA SUBKON,Kredit,Neraca,,5/5
20.102.002,PPN KELUARAN,Kredit,Neraca,,5/5
20.102.003,BPHTB PENJUALAN RUMAH,Kredit,Neraca,,5/5
20.102.004,PPH 21,Kredit,Neraca,,5/5
20.102.999,HUTANG PAJAK LAINNYA,Kredit,Neraca,,5/5
20.103,HUTANG LAIN-LAIN,,,,5/5
20.103.001,HUTANG MODAL,Kredit,Neraca,,5/5
20.103.002,HUTANG TANAH,Kredit,Neraca,,5/5
20.103.003,HUTANG USAHA,Kredit,Neraca,,5/5
20.103.004,HUTANG BANK,Kredit,Neraca,,5/5
20.103.005,HUTANG MATERIAL,Kredit,Neraca,,5/5
20.103.006,HUTANG EAZY KOST SIGURA-GURA,Kredit,Neraca,,5/5
20.103.007,HUTANG INVESTASI,Kredit,Neraca,,5/5
20.103.008,HUTANG OPERASIONAL,Kredit,Neraca,,5/5
20.103.009,HUTANG LUMIERA GARDEN,Kredit,Neraca,,5/5
20.103.010,HUTANG MANAGEMENT KOST,Kredit,Neraca,,5/5
20.103.011,HUTANG REFUND USER RK-13,Kredit,Neraca,,4/5
20.103.012,HUTANG JOYO AGUNG RK-1A,Kredit,Neraca,,4/5
20.103.999,HUTANG LAIN-LAIN,Kredit,Neraca,,5/5
20.103.013,HUTANG PAK MARYANTO,Kredit,Neraca,,2/5
20.103.014,HUTANG PBN,Kredit,Neraca,,2/5
20.103.015,HUTANG BU MIRA SUSAUDAH,Kredit,Neraca,,1/5
20.103.016,HUTANG MANAGEMENT KOST,Kredit,Neraca,,1/5
20.103.017,HUTANG PRIMALAND 2,Kredit,Neraca,,1/5
20.103.018,HUTANG JOYO AGUNG,Kredit,Neraca,,1/5
20.103.019,HUTANG PAK SYAM,Kredit,Neraca,,1/5
20.103.020,HUTANG JOYO AGUNG 2,Kredit,Neraca,,1/5
20.104,KONTRUKSI DALAM PROSES,,,,5/5
20.104.001,KONSTRUKSI DALAM PROGRESS KAVLING,Kredit,Neraca,,5/5
20.104.002,KONSTRUKSI DALAM PROGRESS KAVLING,Kredit,Neraca,,5/5
20.104.003,KONSTRUKSI DALAM PROGRESS KAVLING,Kredit,Neraca,,5/5
20.104.004,KONSTRUKSI DALAM PROGRESS KAVLING,Kredit,Neraca,,4/5
20.104.005,KONSTRUKSI DALAM PROGRESS KAVLING,Kredit,Neraca,,4/5
20.104.006,KONSTRUKSI DALAM PROGRESS KAVLING,Kredit,Neraca,,4/5
20.104.007,KONSTRUKSI DALAM PROGRESS KAVLING,Kredit,Neraca,,4/5
20.104.008,KONSTRUKSI DALAM PROGRESS KAVLING,Kredit,Neraca,,4/5
20.104.009,KONSTRUKSI DALAM PROGRESS KAVLING,Kredit,Neraca,,4/5
20.104.010,KONSTRUKSI DALAM PROGRESS KAVLING,Kredit,Neraca,,4/5
20.104.011,KONSTRUKSI DALAM PROGRESS KAVLING,Kredit,Neraca,,4/5
20.104.012,KONSTRUKSI DALAM PROGRESS KAVLING,Kredit,Neraca,,4/5
20.104.013,KONSTRUKSI DALAM PROGRESS KAVLING,Kredit,Neraca,,4/5
20.104.999,KONSTRUKSI DALAM PROGRESS LAIN-LAIN,Kredit,Neraca,,4/5
20.104.014,KONSTRUKSI DALAM PROGRESS B-06,Kredit,Neraca,,3/5
20.104.015,KONSTRUKSI DALAM PROGRESS B-07,Kredit,Neraca,,2/5
20.104.016,KONSTRUKSI DALAM PROGRESS B-08,Kredit,Neraca,,1/5
20.104.017,KONSTRUKSI DALAM PROGRESS B-09,Kredit,Neraca,,1/5
20.104.018,KONSTRUKSI DALAM PROGRESS B-10,Kredit,Neraca,,1/5
20.104.019,KONSTRUKSI DALAM PROGRESS B-11,Kredit,Neraca,,1/5
20.104.020,KONSTRUKSI DALAM PROGRESS B-12,Kredit,Neraca,,1/5
20.104.021,KONSTRUKSI DALAM PROGRESS B-13,Kredit,Neraca,,1/5
30,MODAL,,,,5/5
30.101.001,MODAL DISETOR,Kredit,Neraca,,5/5
30.101.002,MODAL INVESTOR,Kredit,Neraca,,5/5
30.101.003,PRIVE,Debit,Neraca,,5/5
30.101.004,LABA DITAHAN,Kredit,Neraca,,5/5
30.101.005,L/R TAHUN BERJALAN,Kredit,Neraca,,5/5
30.101.006,L/R TAHUN LALU,Kredit,Neraca,,5/5
30.101.007,DEVIDEN,Kredit,Neraca,,5/5
40,PENDAPATAN,,,,5/5
40.101,PEMBANGUNAN RUKOST,,,,5/5
40.101.001,KAVLING,Kredit,Laba Rugi,,4/5
40.101.002,KAVLING,Kredit,Laba Rugi,,4/5
40.101.003,KAVLING,Kredit,Laba Rugi,,4/5
40.101.004,KAVLING,Kredit,Laba Rugi,,4/5
40.101.005,KAVLING,Kredit,Laba Rugi,,3/5
40.101.006,KAVLING,Kredit,Laba Rugi,,3/5
40.101.007,KAVLING,Kredit,Laba Rugi,,3/5
40.101.008,KAVLING,Kredit,Laba Rugi,,3/5
40.101.009,KAVLING,Kredit,Laba Rugi,,3/5
40.101.010,KAVLING,Kredit,Laba Rugi,,3/5
40.101.011,KAVLING,Kredit,Laba Rugi,,3/5
40.101.012,KAVLING,Kredit,Laba Rugi,,3/5
40.101.013,KAVLING,Kredit,Laba Rugi,,3/5
40.101.014,KAVLING,Kredit,Laba Rugi,,3/5
40.101.015,KAVLING,Kredit,Laba Rugi,,3/5
40.101.016,KAVLING,Kredit,Laba Rugi,,3/5
40.101.017,KAVLING,Kredit,Laba Rugi,,3/5
40.101.018,KAVLING,Kredit,Laba Rugi,,3/5
40.101.019,KAVLING,Kredit,Laba Rugi,,3/5
40.101.020,KAVLING,Kredit,Laba Rugi,,3/5
40.101.021,KAVLING,Kredit,Laba Rugi,,3/5
40.101.101,KAVLING,Kredit,Laba Rugi,,1/5
40.101.102,KAVLING,Kredit,Laba Rugi,,1/5
40.101.103,KAVLING,Kredit,Laba Rugi,,1/5
40.101.104,KAVLING,Kredit,Laba Rugi,,1/5
40.101.105,KAVLING,Kredit,Laba Rugi,,1/5
40.101.106,KAVLING,Kredit,Laba Rugi,,1/5
40.101.107,KAVLING,Kredit,Laba Rugi,,1/5
40.101.108,KAVLING,Kredit,Laba Rugi,,1/5
40.101.109,KAVLING,Kredit,Laba Rugi,,1/5
40.101.110,KAVLING,Kredit,Laba Rugi,,1/5
40.101.111,KAVLING,Kredit,Laba Rugi,,1/5
40.101.112,KAVLING,Kredit,Laba Rugi,,1/5
40.101.113,KAVLING,Kredit,Laba Rugi,,1/5
40.101.114,KAVLING,Kredit,Laba Rugi,,1/5
40.101.115,KAVLING,Kredit,Laba Rugi,,1/5
40.101.116,KAVLING,Kredit,Laba Rugi,,1/5
40.101.117,KAVLING,Kredit,Laba Rugi,,1/5
40.101.118,KAVLING,Kredit,Laba Rugi,,1/5
40.101.119,KAVLING,Kredit,Laba Rugi,,1/5
40.101.120,KAVLING,Kredit,Laba Rugi,,1/5
40.101.121,KAVLING,Kredit,Laba Rugi,,1/5
40.102,PENDAPATAN LAIN-LAIN,,,,5/5
40.102.001,BUNGA BANK,Kredit,Laba Rugi,,4/5
40.102.002,PENDAPATAN INVESTASI,Kredit,Laba Rugi,,4/5
40.102.003,KOMPENSASI PEMBATALAN PPJB,Kredit,Laba Rugi,,4/5
40.102.004,PENDAPATAN PENJ ASET,Kredit,Laba Rugi,,4/5
40.102.005,PENDAPATAN LAIN-LAIN,Kredit,Laba Rugi,,4/5
40.102.101,BUNGA BANK,Kredit,Laba Rugi,,1/5
40.102.102,PENDAPATAN INVESTASI,Kredit,Laba Rugi,,1/5
40.102.103,KOMPENSASI PEMBATALAN PPJB,Kredit,Laba Rugi,,1/5
40.102.104,PENDAPATAN PENJ ASET,Kredit,Laba Rugi,,1/5
40.102.105,PENDAPATAN LAIN-LAIN,Kredit,Laba Rugi,,1/5
50,HARGA POKOK PRODUKSI,,,,5/5
50.101,HARGA POKOK PRODUKSI KAVLING,,,,4/5
50.101.001,MATERIAL KAV,Debit,Laba Rugi,,4/5
50.101.002,TENAGA KERJA KAV,Debit,Laba Rugi,,4/5
50.101.003,SUBKON KAV,Debit,Laba Rugi,,4/5
50.101.004,LISTRIK KAV,Debit,Laba Rugi,,3/5
50.101.005,TAMAN KAV,Debit,Laba Rugi,,2/5
50.101.999,LAIN-LAIN,Debit,Laba Rugi,,4/5
50.102,HARGA POKOK PRODUKSI KAVLING,,,,4/5
50.102.001,MATERIAL KAV,Debit,Laba Rugi,,4/5
50.102.002,TENAGA KERJA KAV,Debit,Laba Rugi,,4/5
50.102.003,SUBKON KAV,Debit,Laba Rugi,,4/5
50.102.004,LISTRIK KAV,Debit,Laba Rugi,,3/5
50.102.005,TAMAN KAV,Debit,Laba Rugi,,2/5
50.102.999,LAIN-LAIN,Debit,Laba Rugi,,4/5
50.103,HARGA POKOK PRODUKSI KAVLING,,,,4/5
50.103.001,MATERIAL KAV,Debit,Laba Rugi,,4/5
50.103.002,TENAGA KERJA KAV,Debit,Laba Rugi,,4/5
50.103.003,SUBKON KAV,Debit,Laba Rugi,,4/5
50.103.004,LISTRIK KAV,Debit,Laba Rugi,,3/5
50.103.005,TAMAN KAV,Debit,Laba Rugi,,2/5
50.103.999,LAIN-LAIN,Debit,Laba Rugi,,4/5
50.104,HARGA POKOK PRODUKSI KAVLING,,,,4/5
50.104.001,MATERIAL KAV,Debit,Laba Rugi,,4/5
50.104.002,TENAGA KERJA KAV,Debit,Laba Rugi,,4/5
50.104.003,SUBKON KAV,Debit,Laba Rugi,,4/5
50.104.004,LISTRIK KAV,Debit,Laba Rugi,,3/5
50.104.005,TAMAN KAV,Debit,Laba Rugi,,2/5
50.104.999,LAIN-LAIN,Debit,Laba Rugi,,4/5
50.105,HARGA POKOK PRODUKSI KAVLING,,,,4/5
50.105.001,MATERIAL KAV,Debit,Laba Rugi,,3/5
50.105.002,TENAGA KERJA KAV,Debit,Laba Rugi,,3/5
50.105.003,SUBKON KAV,Debit,Laba Rugi,,3/5
50.105.004,LISTRIK KAV,Debit,Laba Rugi,,2/5
50.105.005,TAMAN KAV,Debit,Laba Rugi,,2/5
50.105.999,LAIN-LAIN,Debit,Laba Rugi,,3/5
50.108.001,HPP LAIN,Debit,Laba Rugi,,1/5
50.108.002,HPP Barang dagangan,Debit,Laba Rugi,,1/5
50.10.5.001,HPP LAIN,Debit,Laba Rugi,,1/5
50.106,HARGA POKOK PRODUKSI KAVLING,,,,3/5
50.106.001,MATERIAL KAV,Debit,Laba Rugi,,3/5
50.106.002,TENAGA KERJA KAV,Debit,Laba Rugi,,3/5
50.106.003,SUBKON KAV,Debit,Laba Rugi,,3/5
50.106.004,LISTRIK KAV,Debit,Laba Rugi,,2/5
50.106.005,TAMAN KAV,Debit,Laba Rugi,,2/5
50.106.999,LAIN-LAIN,Debit,Laba Rugi,,3/5
50.107,HARGA POKOK PRODUKSI KAVLING,,,,3/5
50.107.001,MATERIAL KAV,Debit,Laba Rugi,,3/5
50.107.002,TENAGA KERJA KAV,Debit,Laba Rugi,,3/5
50.107.003,SUBKON KAV,Debit,Laba Rugi,,3/5
50.107.004,LISTRIK KAV,Debit,Laba Rugi,,2/5
50.107.005,TAMAN KAV,Debit,Laba Rugi,,2/5
50.107.999,LAIN-LAIN,Debit,Laba Rugi,,3/5
50.108,HARGA POKOK PRODUKSI PENDAPATAN LAIN,,,,4/5
50.108.001,HPP LAIN,Debit,Laba Rugi,,3/5
50.108.002,HPP xxxx,Debit,Laba Rugi,,2/5
50.109,HARGA POKOK PRODUKSI KAVLING,,,,4/5
50.109.001,MATERIAL KAV,Debit,Laba Rugi,,4/5
50.109.002,TENAGA KERJA KAV,Debit,Laba Rugi,,4/5
50.109.003,SUBKON KAV,Debit,Laba Rugi,,4/5
50.109.004,LISTRIK KAV,Debit,Laba Rugi,,3/5
50.109.005,TAMAN KAV,Debit,Laba Rugi,,3/5
50.109.999,LAIN-LAIN,Debit,Laba Rugi,,4/5
50.110,HARGA POKOK PRODUKSI KAVLING,,,,4/5
50.110.001,MATERIAL KAV,Debit,Laba Rugi,,4/5
50.110.002,TENAGA KERJA KAV,Debit,Laba Rugi,,4/5
50.110.003,SUBKON KAV,Debit,Laba Rugi,,4/5
50.110.004,LISTRIK KAV,Debit,Laba Rugi,,3/5
50.110.005,TAMAN KAV,Debit,Laba Rugi,,3/5
50.110.999,LAIN-LAIN,Debit,Laba Rugi,,4/5
50.111,HARGA POKOK PRODUKSI KAVLING,,,,4/5
50.111.001,MATERIAL KAV,Debit,Laba Rugi,,4/5
50.111.002,TENAGA KERJA KAV,Debit,Laba Rugi,,4/5
50.111.003,SUBKON KAV,Debit,Laba Rugi,,4/5
50.111.004,LISTRIK KAV,Debit,Laba Rugi,,3/5
50.111.005,TAMAN KAV,Debit,Laba Rugi,,3/5
50.111.999,LAIN-LAIN,Debit,Laba Rugi,,4/5
50.112,HARGA POKOK PRODUKSI KAVLING,,,,1/5
50.112.001,TANAH KAV B-04,Debit,Laba Rugi,,1/5
50.112.002,LEGALITAS KAV B-04,Debit,Laba Rugi,,1/5
50.112.003,PEMBANGUNAN KAV B-04,Debit,Laba Rugi,,1/5
50.112.999,LAIN-LAIN KAV B-04,Debit,Laba Rugi,,1/5
50.113,HARGA POKOK PRODUKSI KAVLING,,,,1/5
50.113.001,TANAH KAV B-05,Debit,Laba Rugi,,1/5
50.113.002,LEGALITAS KAV B-05,Debit,Laba Rugi,,1/5
50.113.003,PEMBANGUNAN KAV B-05,Debit,Laba Rugi,,1/5
50.113.999,LAIN-LAIN KAV B-05,Debit,Laba Rugi,,1/5
50.114,HARGA POKOK PRODUKSI KAVLING,,,,1/5
50.114.001,TANAH KAV B-06,Debit,Laba Rugi,,1/5
50.114.002,LEGALITAS KAV B-06,Debit,Laba Rugi,,1/5
50.114.003,PEMBANGUNAN KAV B-06,Debit,Laba Rugi,,1/5
50.114.999,LAIN-LAIN KAV B-06,Debit,Laba Rugi,,1/5
50.115,HARGA POKOK PRODUKSI KAVLING,,,,1/5
50.115.001,TANAH KAV B-07,Debit,Laba Rugi,,1/5
50.115.002,LEGALITAS KAV B-07,Debit,Laba Rugi,,1/5
50.115.003,PEMBANGUNAN KAV B-07,Debit,Laba Rugi,,1/5
50.115.999,LAIN-LAIN KAV B-07,Debit,Laba Rugi,,1/5
50.116,HARGA POKOK PRODUKSI KAVLING,,,,1/5
50.116.001,TANAH KAV B-08,Debit,Laba Rugi,,1/5
50.116.002,LEGALITAS KAV B-08,Debit,Laba Rugi,,1/5
50.116.003,PEMBANGUNAN KAV B-08,Debit,Laba Rugi,,1/5
50.116.999,LAIN-LAIN KAV B-08,Debit,Laba Rugi,,1/5
50.117,HARGA POKOK PRODUKSI KAVLING,,,,1/5
50.117.001,TANAH KAV B-09,Debit,Laba Rugi,,1/5
50.117.002,LEGALITAS KAV B-09,Debit,Laba Rugi,,1/5
50.117.003,PEMBANGUNAN KAV B-09,Debit,Laba Rugi,,1/5
50.117.999,LAIN-LAIN KAV B-09,Debit,Laba Rugi,,1/5
50.118,HARGA POKOK PRODUKSI KAVLING,,,,1/5
50.118.001,TANAH KAV B-10,Debit,Laba Rugi,,1/5
50.118.002,LEGALITAS KAV B-10,Debit,Laba Rugi,,1/5
50.118.003,PEMBANGUNAN KAV B-10,Debit,Laba Rugi,,1/5
50.118.999,LAIN-LAIN KAV B-10,Debit,Laba Rugi,,1/5
50.119,HARGA POKOK PRODUKSI KAVLING,,,,1/5
50.119.001,TANAH KAV B-11,Debit,Laba Rugi,,1/5
50.119.002,LEGALITAS KAV B-11,Debit,Laba Rugi,,1/5
50.119.003,PEMBANGUNAN KAV B-11,Debit,Laba Rugi,,1/5
50.119.999,LAIN-LAIN KAV B-11,Debit,Laba Rugi,,1/5
50.120,HARGA POKOK PRODUKSI KAVLING,,,,1/5
50.120.001,TANAH KAV B-12,Debit,Laba Rugi,,1/5
50.120.002,LEGALITAS KAV B-12,Debit,Laba Rugi,,1/5
50.120.003,PEMBANGUNAN KAV B-12,Debit,Laba Rugi,,1/5
50.120.999,LAIN-LAIN KAV B-12,Debit,Laba Rugi,,1/5
101,HARGA POKOK PRODUKSI KAVLING,,,,1/5
101.001,MATERIAL KAV,Debit,Laba Rugi,,1/5
101.002,TENAGA KERJA KAV,Debit,Laba Rugi,,1/5
101.003,SUBKON KAV,Debit,Laba Rugi,,1/5
101.004,LISTRIK KAV,Debit,Laba Rugi,,1/5
101.005,TAMAN KAV,Debit,Laba Rugi,,1/5
101.999,LAIN-LAIN KAV,Debit,Laba Rugi,,1/5
102,HARGA POKOK PRODUKSI KAVLING,,,,1/5
102.001,MATERIAL KAV,Debit,Laba Rugi,,1/5
102.002,TENAGA KERJA KAV,Debit,Laba Rugi,,1/5
102.003,SUBKON KAV,Debit,Laba Rugi,,1/5
102.004,LISTRIK KAV,Debit,Laba Rugi,,1/5
102.005,TAMAN KAV,Debit,Laba Rugi,,1/5
102.999,LAIN-LAIN KAV,Debit,Laba Rugi,,1/5
103,HARGA POKOK PRODUKSI KAVLING,,,,1/5
103.001,MATERIAL KAV,Debit,Laba Rugi,,1/5
103.002,TENAGA KERJA KAV,Debit,Laba Rugi,,1/5
103.003,SUBKON KAV,Debit,Laba Rugi,,1/5
103.004,LISTRIK KAV,Debit,Laba Rugi,,1/5
103.005,TAMAN KAV,Debit,Laba Rugi,,1/5
103.999,LAIN-LAIN KAV,Debit,Laba Rugi,,1/5
104,HARGA POKOK PRODUKSI KAVLING,,,,1/5
104.001,MATERIAL KAV,Debit,Laba Rugi,,1/5
104.002,TENAGA KERJA KAV,Debit,Laba Rugi,,1/5
104.003,SUBKON KAV,Debit,Laba Rugi,,1/5
104.004,LISTRIK KAV,Debit,Laba Rugi,,1/5
104.005,TAMAN KAV,Debit,Laba Rugi,,1/5
104.999,LAIN-LAIN KAV,Debit,Laba Rugi,,1/5
105,HARGA POKOK PRODUKSI KAVLING,,,,1/5
105.001,MATERIAL KAV,Debit,Laba Rugi,,1/5
105.002,TENAGA KERJA KAV,Debit,Laba Rugi,,1/5
105.003,SUBKON KAV,Debit,Laba Rugi,,1/5
105.004,LISTRIK KAV,Debit,Laba Rugi,,1/5
105.005,TAMAN KAV,Debit,Laba Rugi,,1/5
105.999,LAIN-LAIN KAV,Debit,Laba Rugi,,1/5
106,HARGA POKOK PRODUKSI KAVLING,,,,1/5
106.001,MATERIAL KAV,Debit,Laba Rugi,,1/5
106.002,TENAGA KERJA KAV,Debit,Laba Rugi,,1/5
106.003,SUBKON KAV,Debit,Laba Rugi,,1/5
106.004,LISTRIK KAV,Debit,Laba Rugi,,1/5
106.005,TAMAN KAV,Debit,Laba Rugi,,1/5
106.999,LAIN-LAIN KAV,Debit,Laba Rugi,,1/5
107,HARGA POKOK PRODUKSI KAVLING,,,,1/5
107.001,MATERIAL KAV,Debit,Laba Rugi,,1/5
107.002,TENAGA KERJA KAV,Debit,Laba Rugi,,1/5
107.003,SUBKON KAV,Debit,Laba Rugi,,1/5
107.004,LISTRIK KAV,Debit,Laba Rugi,,1/5
107.005,TAMAN KAV,Debit,Laba Rugi,,1/5
107.999,LAIN-LAIN KAV,Debit,Laba Rugi,,1/5
60,BEBAN,,,,5/5
60.101,BEBAN MARKETING,,,,5/5
60.101.001,BLT,Debit,Laba Rugi,,5/5
60.101.002,INSENTIF/KOMISI,Debit,Laba Rugi,,5/5
60.101.003,BEBAN TRANSPORTASI,Debit,Laba Rugi,,5/5
60.101.004,BEBAN ADVERTISING,Debit,Laba Rugi,,5/5
60.101.005,BEBAN DIGITAL ADS,Debit,Laba Rugi,,5/5
60.101.006,BEBAN PROMOSI,Debit,Laba Rugi,,5/5
60.101.007,EXPO,Debit,Laba Rugi,,3/5
60.101.999,BEBAN PROMOSI LAIN-LAIN,Debit,Laba Rugi,,5/5
60.102,BEBAN UMUM & ADMINISTRASI,,,,5/5
60.102.001,GAJI KARYAWAN TETAP,Debit,Laba Rugi,,5/5
60.102.002,UANG MAKAN/KONSUMSI,Debit,Laba Rugi,,5/5
60.102.003,TUNJANGAN KOMUNIKASI,Debit,Laba Rugi,,5/5
60.102.004,TRANSPORTASI,Debit,Laba Rugi,,5/5
60.102.005,BPJS,Debit,Laba Rugi,,5/5
60.102.006,THR,Debit,Laba Rugi,,5/5
60.102.007,BONUS,Debit,Laba Rugi,,4/5
60.102.008,INSENTIF,Debit,Laba Rugi,,4/5
60.102.009,TUNJANGAN PPh 21,Debit,Laba Rugi,,3/5
60.102.010,BIAYA LEGALITAS,Debit,Laba Rugi,,3/5
60.102.999,LAIN-LAIN,Debit,Laba Rugi,,5/5
60.103,NON PERSONIL,,,,5/5
60.103.001,HONOR,Debit,Laba Rugi,,5/5
60.103.002,TRANSPORTASI,Debit,Laba Rugi,,5/5
60.103.003,THR,Debit,Laba Rugi,,5/5
60.103.004,BONUS,Debit,Laba Rugi,,5/5
60.103.999,LAIN-LAIN,Debit,Laba Rugi,,5/5
60.103.005,TAGIHAN HALO CALL CENTER,Debit,Laba Rugi,,1/5
60.103.006,TAGIHAN WIFI,Debit,Laba Rugi,,1/5
60.103.007,BENSIN OPERASIONAL,Debit,Laba Rugi,,1/5
60.103.008,MATERAI,Debit,Laba Rugi,,1/5
60.103.009,PERANGKO/KIRIMAN SRT & DOK,Debit,Laba Rugi,,1/5
60.103.010,ADMINISTRASI BANK,Debit,Laba Rugi,,1/5
60.103.011,PERJALANAN DINAS,Debit,Laba Rugi,,1/5
60.103.012,KEAMANAN DAN KEBERSIHAN,Debit,Laba Rugi,,1/5
60.103.013,MEETING,Debit,Laba Rugi,,1/5
60.103.014,PROFESSIONAL FEE,Debit,Laba Rugi,,1/5
60.103.015,REKRUITMEN & TRAINING KARYAWAN,Debit,Laba Rugi,,1/5
60.103.016,EVENT KANTOR,Debit,Laba Rugi,,1/5
60.103.017,RENOVASI KANTOR,Debit,Laba Rugi,,1/5
60.103.018,MEDICAL CLAIM,Debit,Laba Rugi,,1/5
60.103.019,BEBAN PERLENGKAPAN,Debit,Laba Rugi,,1/5
60.103.020,MAINTENANCE KENDARAAN/ELEKTRONIK,Debit,Laba Rugi,,1/5
60.103.021,BEBAN KOMPENSASI,Debit,Laba Rugi,,1/5
60.103.022,BEBAN BAGI HASIL,Debit,Laba Rugi,,1/5
60.103.023,BIAYA ADMINISTRASI WANMERKING,Debit,Laba Rugi,,1/5
60.103.024,BEBAN PAJAK KENDARAAN,Debit,Laba Rugi,,1/5
60.103.025,BEBAN PAJAK LAINNYA/PAJAK BUNGA,Debit,Laba Rugi,,1/5
60.103.026,BIAYA AJB DLL,Debit,Laba Rugi,,1/5
60.103.027,PAJAK PPH 4 (2),Debit,Laba Rugi,,1/5
60.103.028,BPHTB,Debit,Laba Rugi,,1/5
60.104,NON PERSONIL,,,,4/5
60.104.001,OPERASIONAL KANTOR,Debit,Laba Rugi,,4/5
60.104.002,SUMBANGAN/REWARD,Debit,Laba Rugi,,4/5
60.104.003,TOKEN PLN (ID 513111445351 A/N NANDAR SUKENDAR),Debit,Laba Rugi,,4/5
60.104.004,TAGIHAN PDAM (NO. SAL 198333),Debit,Laba Rugi,,4/5
60.104.005,TAGIHAN HALO CALL CENTER (08113500591),Debit,Laba Rugi,,4/5
60.104.006,TAGIHAN WIFI (INDIHOME 152703261313),Debit,Laba Rugi,,4/5
60.104.007,BENSIN OPERASIONAL,Debit,Laba Rugi,,4/5
60.104.008,MATERAI,Debit,Laba Rugi,,4/5
60.104.009,PERANGKO/KIRIMAN SRT & DOK,Debit,Laba Rugi,,4/5
60.104.010,ADMINISTRASI BANK,Debit,Laba Rugi,,4/5
60.104.011,PERJALANAN DINAS,Debit,Laba Rugi,,4/5
60.104.012,KEAMANAN DAN KEBERSIHAN,Debit,Laba Rugi,,4/5
60.104.013,MEETING,Debit,Laba Rugi,,4/5
60.104.014,PROFESSIONAL FEE,Debit,Laba Rugi,,4/5
60.104.015,REKRUITMEN KARYAWAN,Debit,Laba Rugi,,4/5
60.104.016,TRAINING KARYAWAN,Debit,Laba Rugi,,4/5
60.104.017,ZAKAT,Debit,Laba Rugi,,4/5
60.104.018,EVENT KANTOR,Debit,Laba Rugi,,4/5
60.104.019,RENOVASI KANTOR,Debit,Laba Rugi,,4/5
60.104.020,FASILITAS DAN FURNITURE,Debit,Laba Rugi,,4/5
60.104.021,MAINTENANCE KENDARAAN,Debit,Laba Rugi,,4/5
60.104.022,MAINTENANCE ELEKTRONIK/MESIN,Debit,Laba Rugi,,4/5
60.104.023,BIAYA ADMINISTRASI WANMERKING,Debit,Laba Rugi,,4/5
60.104.024,MEDICAL CLAIM,Debit,Laba Rugi,,4/5
60.104.025,BEBAN BAGI HASIL,Debit,Laba Rugi,,4/5
60.104.026,BIAYA AJB DLL,Debit,Laba Rugi,,4/5
60.104.027,BEBAN PERLENGKAPAN,Debit,Laba Rugi,,4/5
60.104.028,BEBAN PAJAK KENDARAAN,Debit,Laba Rugi,,4/5
60.104.029,BEBAN PAJAK LAINNYA/PAJAK BUNGA,Debit,Laba Rugi,,4/5
60.104.030,PAJAK PPH 4 (2),Debit,Laba Rugi,,4/5
60.104.031,BPHTB,Debit,Laba Rugi,,4/5
60.104.032,BIAYA BALIK NAMA,Debit,Laba Rugi,,4/5
60.104.033,BIAYA NOTARIS (PENGURUSAN PAJAK),Debit,Laba Rugi,,4/5
60.104.034,PENYUSUAN PERALATAN,Debit,Laba Rugi,,4/5
60.104.035,PENYUSUTAN KENDARAAN,Debit,Laba Rugi,,4/5
60.104.036,PENYUSUTAN BANGUNAN,Debit,Laba Rugi,,4/5
60.104.037,BEBAN KOMPENSASI,Debit,Laba Rugi,,4/5
60.104.038,KONSULTAN PAJAK,Debit,Laba Rugi,,3/5
60.104.039,PPN,Debit,Laba Rugi,,3/5
60.104.999,LAIN-LAIN,Debit,Laba Rugi,,4/5
60.104.040,BIAYA NOTARIS (PENGURUSAN PAJAK),Debit,Laba Rugi,,2/5
