Detail ID,Cluster,Kavling,Pembeli Detail,Marketing Detail,SPV Detail,LB (m²),LT (m²),Jumlah Kamar,Kontraktor,Target BAST,Realisasi BAST,Nilai Kontrak (Rp),PTB Dibayar ke Kontraktor (Rp),Furniture — Nilai (Rp),Perlengkapan Lainnya (Rp),AC — Nilai (Rp),AC — Biaya Pasang (Rp),Water Heater — Nilai (Rp),Water Heater — Biaya Pasang (Rp),Exhaust Fan — Nilai (Rp),Exhaust Fan — Biaya Pasang (Rp),Taman — Nilai (Rp),Pompa Pendorong — Nilai (Rp),Papan Nama Kavling/Kamar — Nilai (Rp),Tangga Monyet — Nilai (Rp),Keterangan
1,EazyKost Joyo Agung,RK 01,Hutami Maharani,Prayitno Wira,Verry,85.00,70.00,7,DWI,2026-01-20,,335750000,0,13125000,365000,17500000,3150000,11674509,0,2205000,840000,0,0,0,650000,DLL: Rp365.000 | [Migrasi dari Master Realisasi Biaya Konstruksi Excel]
2,EazyKost Joyo Agung,RK 02,Yuni Swastika Indriati,Achmad,Amin,85.00,70.00,7,JAINUL,2025-12-21,,333200000,0,52500000,1702700,17598000,7469000,11674509,0,2205000,840000,700000,890000,0,0,Pompa Pendorong: Rp890.000 | DLL: Rp812.700 | [Migrasi dari Master Realisasi Biaya Konstruksi Excel]
3,EazyKost Joyo Agung,RK 03,Yudi Kustendi,Tele > Aan,Verry,85.00,70.00,7,JAINUL,2026-02-03,,333200000,0,52500000,1255000,17500000,3150000,11632509,0,2205000,840000,0,890000,0,650000,Pompa Pendorong: Rp890.000 | DLL: Rp365.000 | [Migrasi dari Master Realisasi Biaya Konstruksi Excel]
4,EazyKost Joyo Agung,RK 04,DR. Podang Peksiadji,Tele > Achmad,Amin,93.00,70.00,8,JAINUL,2025-12-19,,362700000,0,60000000,2779500,21437125,5632000,12800000,0,2205000,960000,700000,890000,0,350000,Pompa Pendorong: Rp890.000 | DLL: Rp1.889.500 | [Migrasi dari Master Realisasi Biaya Konstruksi Excel]
5,EazyKost Joyo Agung,RK 05,Yuliyani,Amin,,85.00,70.00,7,RIADI,2025-12-19,,323000000,0,52500000,2352700,20921125,7469000,11674509,0,2205000,840000,700000,890000,0,650000,Pompa Pendorong: Rp890.000 | DLL: Rp1.462.700 | [Migrasi dari Master Realisasi Biaya Konstruksi Excel]
6,EazyKost Joyo Agung,RK 06,Rovita Febrianti,Adinda,Verry,85.00,70.00,6,,2026-08-06,,325125000,6230000,43800000,2915000,16200000,2700000,11760000,0,3325000,0,650000,950000,0,937500,Pompa Pendorong: Rp950.000 | DLL: Rp1.965.000 | [Migrasi dari Master Realisasi Biaya Konstruksi Excel]
7,EazyKost Joyo Agung,RK 07,Puguh Widagdo,Ika,,85.00,70.00,7,RIADI,2026-07-20,,331500000,6460000,52500000,3176000,18900000,3150000,12950000,0,3325000,0,650000,950000,0,937500,Pompa Pendorong: Rp950.000 | DLL: Rp2.226.000 | [Migrasi dari Master Realisasi Biaya Konstruksi Excel]
8,EazyKost Joyo Agung,RK 08,Yudi Kustendi,Tele > Aan,Verry,85.00,70.00,7,JAINUL,2025-09-27,,331500000,6725275,52500000,3191000,21958000,3395000,12617459,0,2205000,840000,850000,890000,0,645000,Pompa Pendorong: Rp890.000 | DLL: Rp2.301.000 | [Migrasi dari Master Realisasi Biaya Konstruksi Excel]
9,EazyKost Joyo Agung,RK 09,Arin Istiani,Aan,Verry,85.00,70.00,8,JAINUL,2025-11-08,,358800000,3894605,52500000,2771500,23950000,3395000,11788000,0,2205000,840000,700000,890000,0,365000,Pompa Pendorong: Rp890.000 | DLL: Rp1.881.500 | [Migrasi dari Master Realisasi Biaya Konstruksi Excel]
10,EazyKost Joyo Agung,RK 10,Zayyana Nu'ma Fakhiriyah,Adib,Amin,85.00,70.00,7,RIADI,2026-01-10,,323000000,0,52500000,365000,17500000,3150000,11674509,0,2205000,840000,0,890000,0,650000,DLL: Rp365.000 | [Migrasi dari Master Realisasi Biaya Konstruksi Excel]
11,EazyKost Joyo Agung,RK 11,dr. Aulia Martyana Achsar,Amin,,85.00,70.00,7,RIADI,2026-04-05,,361000000,0,52500000,365000,0,0,0,0,0,0,0,0,0,0,DLL: Rp365.000 | [Migrasi dari Master Realisasi Biaya Konstruksi Excel]
12,EazyKost Joyo Agung,RK 12,Ayu Chandra Puspitasari,Amin,,85.00,70.00,7,DWI,2025-10-04,,335750000,3019500,52500000,365000,21958000,3395000,12604459,0,2205000,840000,850000,0,0,0,DLL: Rp365.000 | [Migrasi dari Master Realisasi Biaya Konstruksi Excel]
13,EazyKost Joyo Agung,RK 13,Onny Wiriandono,Achmad,Amin,85.00,70.00,7,JAINUL,2025-11-22,,333200000,0,52500000,812600,21679000,3150000,11674509,0,2205000,840000,0,890000,0,645000,DLL: Rp812.600 | [Migrasi dari Master Realisasi Biaya Konstruksi Excel]
14,EazyKost Joyo Agung,RK 13,Nita Anrestiyanti,Eksternal,,85.00,70.00,7,JAENAL,,,333200000,0,0,0,0,0,0,0,0,0,0,0,0,0,
15,EazyKost Joyo Agung,RK 14,Farida Ulfa,Adib,Amin,85.00,70.00,7,RIADI,2025-12-23,,323000000,0,52500000,4791000,17500000,3150000,0,0,2205000,840000,0,890000,0,650000,Pompa Pendorong: Rp890.000 | DLL: Rp3.901.000 | [Migrasi dari Master Realisasi Biaya Konstruksi Excel]
16,EazyKost Sigura-gura,A 2,Belum diisi — perlu dilengkapi PIC,,,252.00,84.00,13,SKM,2024-05-01,,1060164000,0,126000000,61341438,41651474,4474000,25073818,2184000,4410000,2100000,0,0,0,0,Adendum Kontraktor: Rp46.854.000 | Pompa: Rp1.000.000 | DLL/Doorlock/Polycarbonat/Tangga: Rp13.487.438 | [Migrasi dari Master Realisasi Biaya Konstruksi Excel]
17,EazyKost Sigura-gura,B 4,Belum diisi — perlu dilengkapi PIC,,,180.00,60.00,9,SKM,2024-06-01,,676164240,0,63000000,24728976,25110000,2984000,15964083,1520000,2970000,1080000,350000,0,0,0,Adendum Kontraktor: Rp3.268.476 | Taman Kavling: Rp350.000 | Pompa: Rp750.000 | DLL/Doorlock/Polycarbonat/Tangga: Rp20.360.500 | [Migrasi dari Master Realisasi Biaya Konstruksi Excel]
18,EazyKost Sigura-gura,B 3,Belum diisi — perlu dilengkapi PIC,,,180.00,60.00,9,SKM,2024-07-01,,676164240,0,63000000,31322000,24300000,3350000,16153083,1080000,2970000,1305000,0,0,0,0,Adendum Kontraktor: Rp15.674.000 | Pompa: Rp1.352.000 | DLL/Doorlock/Polycarbonat/Tangga: Rp14.296.000 | [Migrasi dari Master Realisasi Biaya Konstruksi Excel]
19,EazyKost Sigura-gura,B 1,ANIES HERMAWATY,,,180.00,60.00,9,SKM,2024-09-01,,676164240,0,56000000,41201596,24300000,3835000,14166296,1200000,2925000,1200000,0,0,0,0,Adendum Kontraktor: Rp9.171.655 | Taman Kavling: Rp200.000 | Pompa: Rp845.000 | DLL/Doorlock/Polycarbonat/Tangga: Rp30.984.941 | [Migrasi dari Master Realisasi Biaya Konstruksi Excel]
20,EazyKost Sigura-gura,B 2,Belum diisi — perlu dilengkapi PIC,,,180.00,60.00,10,SKM,2024-07-01,,676164240,0,70000000,56521777,27000000,3889000,17707877,1200000,3034000,1200000,0,0,0,0,Adendum Kontraktor: Rp31.030.836 | Taman Kavling: Rp350.000 | Pompa: Rp1.138.000 | DLL/Doorlock/Polycarbonat/Tangga: Rp24.002.941 | [Migrasi dari Master Realisasi Biaya Konstruksi Excel]
21,EazyKost Sigura-gura,A 7,Belum diisi — perlu dilengkapi PIC,,,252.00,84.00,13,INDRA,2024-12-01,,901558400,62250200,104000000,78273332,35100000,5662000,23020231,1560000,0,1560000,0,0,0,0,Adendum Kontraktor: Rp55.929.900 | DLL/Doorlock/Polycarbonat/Tangga: Rp22.343.432 | [Migrasi dari Master Realisasi Biaya Konstruksi Excel]
22,EazyKost Sigura-gura,B 5,Belum diisi — perlu dilengkapi PIC,,,180.00,60.00,9,SKM,2025-02-01,,676164240,238979979,65700000,149500200,27000000,4065000,17709900,1200000,3150000,1200000,0,0,0,0,Adendum Kontraktor: Rp118.622.824 | Pompa: Rp1.502.000 | DLL/Doorlock/Polycarbonat/Tangga: Rp29.375.376 | [Migrasi dari Master Realisasi Biaya Konstruksi Excel]
23,EazyKost Sigura-gura,A 3,Belum diisi — perlu dilengkapi PIC,,,252.00,84.00,11,SKM,2025-06-01,,991565939,34005617000,98000000,49918397,36400000,5374000,23080918,1680000,4410000,1680000,450000,1186000,0,0,Adendum Kontraktor: Rp34.005.617 | Taman Kavling: Rp450.000 | Pompa: Rp1.186.000 | DLL/Doorlock/Polycarbonat/Tangga: Rp14.276.780 | [Migrasi dari Master Realisasi Biaya Konstruksi Excel]
24,EazyKost Sigura-gura,B 7,Belum diisi — perlu dilengkapi PIC,,,180.00,60.00,9,CMA,2025-07-01,,676080000,71526000,63000000,29456200,23400000,0,14837733,1080000,0,0,0,0,0,0,Adendum Kontraktor: Rp28.220.200 | DLL/Doorlock/Polycarbonat/Tangga: Rp1.236.000 | [Migrasi dari Master Realisasi Biaya Konstruksi Excel]
25,EazyKost Sigura-gura,B 8,Belum diisi — perlu dilengkapi PIC,,,180.00,60.00,9,CMA,2025-07-01,,676080000,0,63000000,77068000,23400000,0,14837733,1080000,0,0,0,0,0,0,Adendum Kontraktor: Rp71.562.000 | Pompa: Rp1.250.000 | DLL/Doorlock/Polycarbonat/Tangga: Rp4.256.000 | [Migrasi dari Master Realisasi Biaya Konstruksi Excel]
26,EazyKost Sigura-gura,B 12,Belum diisi — perlu dilengkapi PIC,,,360.00,120.00,18,CMA,2025-02-01,,1352160000,0,131400000,27900000,49500000,0,30164166,2700000,6300000,2700000,0,0,0,0,Taman Kavling: Rp900.000 | Pompa: Rp1.300.000 | DLL/Doorlock/Polycarbonat/Tangga: Rp25.700.000 | [Migrasi dari Master Realisasi Biaya Konstruksi Excel]
27,EazyKost Sigura-gura,A 6,Belum diisi — perlu dilengkapi PIC,,,252.00,84.00,13,SKM,2026-04-01,,957600000,0,91000000,5550000,0,0,0,0,0,0,0,0,0,0,Retensi Furniture: Rp4.550.000 | Pompa: Rp1.000.000 | [Migrasi dari Master Realisasi Biaya Konstruksi Excel]
28,EazyKost Sigura-gura,B 6,Belum diisi — perlu dilengkapi PIC,,,180.00,60.00,13,CMA,2026-05-01,,676000000,0,97500000,4875000,0,4095000,0,0,2475000,0,0,0,1200000,1750000,Retensi Furniture: Rp4.875.000 | [Migrasi dari Master Realisasi Biaya Konstruksi Excel]
29,EazyKost Sigura-gura,B 9,NOORAN DAVICK,,,180.00,60.00,10,CMA,2026-03-01,,676080000,0,0,17500000,27500000,4750000,17000000,1500000,3500000,1500000,0,0,0,0,Taman Kavling: Rp900.000 | Pompa: Rp1.300.000 | DLL/Doorlock/Polycarbonat/Tangga: Rp15.300.000 | [Migrasi dari Master Realisasi Biaya Konstruksi Excel]
30,EazyKost Sigura-gura,A 4,Belum diisi — perlu dilengkapi PIC,,,252.00,84.00,13,SKM,2026-05-01,,957600000,37825754,97500000,0,35750000,0,21785231,1680000,6650000,1680000,0,0,0,0,[Migrasi dari Master Realisasi Biaya Konstruksi Excel]
31,EazyKost Sigura-gura,B 10,Belum diisi — perlu dilengkapi PIC,,,180.00,60.00,9,CMA,2026-03-01,,676000000,0,75000000,0,24750000,0,1675787,1200000,4750000,1200000,0,0,0,0,[Migrasi dari Master Realisasi Biaya Konstruksi Excel]
32,EazyKost Sigura-gura,A 5,SONY SASONO,,,252.00,84.00,13,SKM,2026-06-01,,957600000,20237680,0,0,0,0,0,0,0,0,0,0,0,0,[Migrasi dari Master Realisasi Biaya Konstruksi Excel]
33,EazyKost Sigura-gura,B 11,Belum diisi — perlu dilengkapi PIC,,,180.00,60.00,9,CMA,2026-06-01,,676000000,0,0,0,0,0,0,0,0,0,0,0,0,0,[Migrasi dari Master Realisasi Biaya Konstruksi Excel]
34,EazyKost Sigura-gura,A 1,A1,,,489.00,163.00,26,X,,,0,0,0,0,0,0,0,0,0,0,0,0,0,0,[Migrasi dari Master Realisasi Biaya Konstruksi Excel]
35,Lumiera Garden,LK 7,HENY SUSANTI,,,85.00,66.00,6,Listyo,2026-12-08,,327250000,4685000,123000000,4010461,15498000,2850000,9970722,0,1890000,0,1000000,0,578000,0,Tgl Memo Order Bangun: 2025-07-01 | Paket Furniture+EF+WH+AC+PDAM+Listrik+Taman: Rp123.000.000 | SLO: Rp894.000 | Box Meter Air: Rp1.116.461 | Taman: Rp1.000.000 | Canopy: Rp1.000.000 | [Migrasi dari Master Realisasi Biaya Konstruksi Excel]
36,Lumiera Garden,LK 8,DJUWITO/AGUSTINA IRAWATI,,,85.00,66.00,6,Listyo,2026-12-08,,327250000,1675000,49800000,4010461,15498000,2850000,9970722,0,1890000,0,1000000,0,578000,0,Tgl Memo Order Bangun: 2025-02-10 | Paket Furniture+EF+WH+AC+PDAM+Listrik+Taman: Rp123.000.000 | SLO: Rp894.000 | Box Meter Air: Rp1.116.461 | Taman: Rp1.000.000 | Canopy: Rp1.000.000 | [Migrasi dari Master Realisasi Biaya Konstruksi Excel]
37,Lumiera Garden,LK 9,DWI MULYONO,,,85.00,66.00,6,CMA,2026-12-08,,340000000,4832500,49800000,4010461,15498000,2850000,9970722,0,1890000,0,0,0,578000,600000,Tgl Memo Order Bangun: 2025-02-08 | Paket Furniture+EF+WH+AC+PDAM+Listrik+Taman: Rp123.000.000 | SLO: Rp894.000 | Box Meter Air: Rp1.116.461 | Taman: Rp1.000.000 | Canopy: Rp1.000.000 | [Migrasi dari Master Realisasi Biaya Konstruksi Excel]
38,Lumiera Garden,LK 10,MOCHAMAD YUNUS,,,85.00,66.00,6,CMA,2026-12-08,,340000000,4832500,49800000,4010461,15498000,2850000,9970722,0,1890000,0,1000000,0,0,600000,Tgl Memo Order Bangun: 2025-03-18 | Paket Furniture+EF+WH+AC+PDAM+Listrik+Taman: Rp123.000.000 | SLO: Rp894.000 | Box Meter Air: Rp1.116.461 | Taman: Rp1.000.000 | Canopy: Rp1.000.000 | [Migrasi dari Master Realisasi Biaya Konstruksi Excel]
39,Lumiera Garden,LK 12,FITRIA AGUSTINA,,,85.00,66.00,6,Richi,2026-12-30,,331500000,6032500,49800000,4010461,15498000,2850000,9970722,0,1890000,0,1000000,0,578000,0,Tgl Memo Order Bangun: 2025-02-05 | Paket Furniture+EF+WH+AC+PDAM+Listrik+Taman: Rp123.000.000 | SLO: Rp894.000 | Box Meter Air: Rp1.116.461 | Taman: Rp1.000.000 | Canopy: Rp1.000.000 | [Migrasi dari Master Realisasi Biaya Konstruksi Excel]
40,Lumiera Garden,LK 6,NINIK YULAIKAH,,,85.00,66.00,6,Desta,2027-04-21,,327250000,0,49800000,2026461,16530000,2850000,11100000,720000,2850000,0,0,0,0,0,Tgl Memo Order Bangun: 2025-07-01 | Paket Furniture+EF+WH+AC+PDAM+Listrik+Taman: Rp123.000.000 | SLO: Rp910.000 | Box Meter Air: Rp1.116.461 | [Migrasi dari Master Realisasi Biaya Konstruksi Excel]
41,Lumiera Garden,LK 2,ETTY PARAWATI,,,85.00,66.00,6,Riadi,2027-02-28,,323000000,0,49800000,3116461,15000000,2850000,9970722,0,0,1500000,1000000,0,578000,0,Tgl Memo Order Bangun: 2025-06-02 | Paket Furniture+EF+WH+AC+PDAM+Listrik+Taman: Rp123.000.000 | Box Meter Air: Rp1.116.461 | Taman: Rp1.000.000 | Canopy: Rp1.000.000 | [Migrasi dari Master Realisasi Biaya Konstruksi Excel]
42,Lumiera Garden,LK 3,RACHMADIANA SARI,,,85.00,66.00,6,Riadi,2027-01-28,,323000000,0,49800000,4010461,16200000,2850000,9970722,0,2850000,0,1000000,0,578000,0,Tgl Memo Order Bangun: 2025-02-22 | Paket Furniture+EF+WH+AC+PDAM+Listrik+Taman: Rp123.000.000 | SLO: Rp894.000 | Box Meter Air: Rp1.116.461 | Taman: Rp1.000.000 | Canopy: Rp1.000.000 | [Migrasi dari Master Realisasi Biaya Konstruksi Excel]
43,Lumiera Garden,C 2,FITRIA AMALIA DEWI,,,60.00,66.00,2,Kurniawan,2027-01-28,,225000000,0,0,12178461,5000000,950000,0,0,0,0,0,0,0,0,Tgl Memo Order Bangun: 2025-03-26 | SLO: Rp149.000 | Box Meter Air: Rp1.116.461 | Taman: Rp1.500.000 | Canopy: Rp9.413.000 | [Migrasi dari Master Realisasi Biaya Konstruksi Excel]
44,Lumiera Garden,C 3,"TRI PRASETYANINGRUM,SE,MM",,,60.00,66.00,2,Kurniawan,2027-01-28,,225000000,0,0,12178461,5000000,950000,0,0,0,0,1150000,0,0,0,Tgl Memo Order Bangun: 2025-02-06 | SLO: Rp149.000 | Box Meter Air: Rp1.116.461 | Taman: Rp1.500.000 | Canopy: Rp9.413.000 | [Migrasi dari Master Realisasi Biaya Konstruksi Excel]
45,Lumiera Garden,LK 11,"DEBORA ASIH NATALIA ALLE, ST",,,85.00,66.00,6,Richi,2027-01-28,,333625000,0,123000000,11673461,15000000,2850000,10030722,0,1890000,0,0,0,578000,0,Tgl Memo Order Bangun: 2025-02-06 | Paket Furniture+EF+WH+AC+PDAM+Listrik+Taman: Rp123.000.000 | Box Meter Air: Rp1.116.461 | Taman: Rp1.000.000 | Canopy: Rp9.557.000 | [Migrasi dari Master Realisasi Biaya Konstruksi Excel]
46,Lumiera Garden,LK 4,ENDAH KUSWINTARI,,,85.00,66.00,6,Richi,2027-03-03,,333625000,0,49800000,12567461,16200000,2850000,10030722,0,0,0,1000000,0,578000,0,Tgl Memo Order Bangun: 2025-03-04 | Paket Furniture+EF+WH+AC+PDAM+Listrik+Taman: Rp123.000.000 | SLO: Rp894.000 | Box Meter Air: Rp1.116.461 | Taman: Rp1.000.000 | Canopy: Rp9.557.000 | [Migrasi dari Master Realisasi Biaya Konstruksi Excel]
47,Lumiera Garden,LK 5,NINIK YULAIKAH,,,85.00,66.00,6,Desta,2027-05-13,,327250000,0,49800000,1116461,0,0,0,0,0,0,0,0,0,0,Tgl Memo Order Bangun: 2025-07-01 | Paket Furniture+EF+WH+AC+PDAM+Listrik+Taman: Rp123.000.000 | Box Meter Air: Rp1.116.461 | [Migrasi dari Master Realisasi Biaya Konstruksi Excel]
48,Lumiera Garden,LK 22,JOVITA IKA PRAMYASTI,,,85.00,66.00,6,Siswoyo,,,331500000,7510000,49800000,11097000,16710000,1650000,11100000,0,2850000,0,1000000,950000,0,0,Tgl Memo Order Bangun: 2025-09-03 | Paket Furniture+EF+WH+AC+PDAM+Listrik+Taman: Rp123.000.000 | SLO: Rp910.000 | Canopy: Rp10.187.000 | [Migrasi dari Master Realisasi Biaya Konstruksi Excel]
49,Lumiera Garden,LK 23,RIRIN YUNI ASTUTIK,,,85.00,66.00,6,Siswoyo,,,331500000,8210000,49800000,11097000,16200000,1650000,11100000,0,2850000,0,1000000,0,0,0,"Tgl Memo Order Bangun: 2025-09-27 | Paket Furniture+EF+WH+AC+PDAM+Listrik+Taman: Rp123.000.000 | SLO: Rp910.000 | Canopy: Rp10.187.000 | [Migrasi dari Master Realisasi Biaya Konstruksi Excel] | [Otomatis dari Budgeting: Furniture, AC, WH, EF] | [Otomatis"
50,Lumiera Garden,LK 19,FARIDA BUDI WIJAYANTI,,,85.00,76.00,6,Abdillah,2027-08-12,,331500000,0,123000000,0,0,0,0,0,0,0,0,0,0,0,Tgl Memo Order Bangun: 2025-10-28 | Paket Furniture+EF+WH+AC+PDAM+Listrik+Taman: Rp123.000.000 | [Migrasi dari Master Realisasi Biaya Konstruksi Excel]
51,Lumiera Garden,LK 17,MUHAMMAD NASSAR,,,85.00,76.00,6,Abdillah,2027-08-12,,331500000,9508320,123000000,0,0,0,0,0,0,0,0,0,0,0,Tgl Memo Order Bangun: 2025-10-27 | Paket Furniture+EF+WH+AC+PDAM+Listrik+Taman: Rp123.000.000 | [Migrasi dari Master Realisasi Biaya Konstruksi Excel]
52,Lumiera Garden,C 4,BUDIONO SH,,,74.00,70.00,2,Kurniawan,2027-09-06,,281200000,0,0,0,0,0,0,0,0,0,0,0,0,0,Tgl Memo Order Bangun: 2025-09-30 | [Migrasi dari Master Realisasi Biaya Konstruksi Excel]
53,Lumiera Garden,LK 21,E WIDA KUSUMAWATI,,,85.00,73.00,6,MCA,2027-12-29,,335750000,0,0,0,0,0,0,0,0,0,0,0,0,0,Tgl Memo Order Bangun: 2025-11-29 | [Migrasi dari Master Realisasi Biaya Konstruksi Excel]
54,Lumiera Garden,LK 24,YULI WULANDARI,,,150.00,127.00,12,Riadi,2027-12-23,,660000000,0,246000000,0,0,0,0,0,0,0,0,0,0,0,Paket Furniture+EF+WH+AC+PDAM+Listrik+Taman: Rp246.000.000 | [Migrasi dari Master Realisasi Biaya Konstruksi Excel]
55,Lumiera Garden,LK 1,DYAH LUSITA RISDHIANTI,,,150.00,131.00,12,MCA,2027-12-29,,660000000,0,246000000,0,0,0,0,0,0,0,0,0,0,0,Paket Furniture+EF+WH+AC+PDAM+Listrik+Taman: Rp246.000.000 | [Migrasi dari Master Realisasi Biaya Konstruksi Excel]
56,Lumiera Garden,A 2,"DWI INDRA KUNTOADJI, SE",,,153.00,96.00,10,RIO,,,657900000,0,0,0,0,0,0,0,0,0,0,0,0,0,[Migrasi dari Master Realisasi Biaya Konstruksi Excel]
57,Lumiera Garden,A 4,MELLYA INDRIANTI PUTRI,,,153.00,92.00,8,Siswoyo,,,673200000,0,0,0,0,0,0,0,0,0,0,0,0,0,[Migrasi dari Master Realisasi Biaya Konstruksi Excel]
58,Lumiera Garden,LK 18,YOYOK WIDIANTO,,,85.00,76.00,6,X,,,365500000,0,0,0,0,0,0,0,0,0,0,0,0,0,[Migrasi dari Master Realisasi Biaya Konstruksi Excel]
59,Lumiera Garden,LK 15,ISMU RETNA WARDHANI,,,85.00,80.00,6,X,,,365500000,0,0,0,0,0,0,0,0,0,0,0,0,0,[Migrasi dari Master Realisasi Biaya Konstruksi Excel]
60,Lumiera Garden,A 07,TUNDJUNG ISWANDARU,,,153.00,130.00,10,X,,,657900000,0,0,0,0,0,0,0,0,0,0,0,0,0,[Migrasi dari Master Realisasi Biaya Konstruksi Excel]
61,Lumiera Garden,LK 13,MARIA MAGDANI,,,85.00,80.00,6,Triyo,,,374000000,0,0,0,0,0,0,0,0,0,0,0,0,0,[Migrasi dari Master Realisasi Biaya Konstruksi Excel]
62,Lumiera Garden,A 05,ANTOK SAPTODEWO,,,153.00,91.00,10,Triyo,,,673200000,0,0,0,0,0,0,0,0,0,0,0,0,0,[Migrasi dari Master Realisasi Biaya Konstruksi Excel]
63,Lumiera Garden,A 01,TAZKIYA SURYA KAMILA,,,153.00,98.00,10,,,,0,0,0,0,0,0,0,0,0,0,0,0,0,0,[Migrasi dari Master Realisasi Biaya Konstruksi Excel]
64,Lumiera Garden,B 09,TAZKIYA SURYA KAMILA,,,153.00,99.00,10,,,,0,0,0,0,0,0,0,0,0,0,0,0,0,0,[Migrasi dari Master Realisasi Biaya Konstruksi Excel]
65,Lumiera Garden,LK 16,YUNITA PURNAMAWATI,,,9344.00,78.00,6,Riadi,,,411136000,0,0,0,0,0,0,0,0,0,0,0,0,0,[Migrasi dari Master Realisasi Biaya Konstruksi Excel]
66,Mayana Resort,Nadya 15,DR. Podang Peksiadji,Achmad,,,,,,,,0,0,0,0,0,0,0,0,0,0,0,0,0,0,Tgl Memo Order Bangun: 2026-06-09 | [Migrasi dari Master Realisasi Biaya Konstruksi Excel]
67,Mayana Resort,Nadya 17,Toto Nusantara,Achmad,,62.00,66.00,,,,,0,0,0,0,0,0,0,0,0,0,0,0,0,0,[Migrasi dari Master Realisasi Biaya Konstruksi Excel]
68,Mayana Resort,Nadya 03,Yudi Kustendi,Aan,Verry,,,,,,,,,,,,,,,,,,,,,
