No,Nama Proyek,Kavling,Nama Pembeli,Marketing,SPV,No. PPJB,NIK,Alamat,Kelurahan/Desa,Kecamatan,Kota/Kabupaten,No. Telepon,Luas Bangunan,Luas Tanah,ITJ,Bonus/Diskon,Pelunasan Sesuai PPJB,TTD Order Bangun,Tambah/Adendum Bangunan,Tanggal Bayar Adendum,Tanggal Serah Terima,Catatan Legal,Masa Retensi (hari),Akun Piutang,Harga Deal/PPJB,Terbayar,Sisa,Tanggal PPJB,Tanggal Terjual,Tanggal Transaksi Ter-update,% Total Terbayar,Status Unit,Penawaran,PTB,PTB Terbayar,Sisa PTB,BPHTB,PPH,AJB & Balik Nama,SLF,Progres Bangun,Kontraktor,Nilai Kontrak,Terbayar Kontraktor,Sisa Bayar Kontraktor,Status Pembeli,Detail ID,Harga Jual Daftar,Code,Tanggal Pelunasan Sesuai PPJB,BPHTB - Tagihan,PPH - Tagihan,AJB & Balik Nama - Tagihan,SLF - Tagihan
1,EazyKost Joyo Agung,RK 01,Hutami Maharani,Prayitno Wira,Verry,NOTARIL NO.22 (20-01-2025),3515086709870001,Perum Pondok Jati Blok DC-16,JATI,SIDOARJO,SIDOARJO,,95.00,70.00,5000000,0,,2025-01-20,,,2026-01-20,Tambahan retensi apabila STB di luar musim hujan,100,Belum diatur,1515000000,0,1515000000,2024-01-01,2024-01-01,,0.00,DEAL — BELUM BAYAR,,,,,0 / 1.000.000,,,,,DWI,335750000,0,335750000,AKTIF,1,1413700000,JoyoagungRK 01,,1000000,0.00,0.00,0.00
2,EazyKost Joyo Agung,RK 02,Yuni Swastika Indriati,Achmad,Amin,16/ADP-EKJ/X-2024 (21-10-2024),3573055206750008,Jl. Simpang Bunga Krisan,Jatimulyo,LOWOKWARU,MALANG,,85.00,70.00,5000000,0,,2024-12-02,3425000,,2025-12-21,,100,Belum diatur,1425000000,0,1425000000,2024-01-01,2024-01-01,,0.00,DEAL — BELUM BAYAR,,,,,,,,,,JAINUL,333200000,0,333200000,AKTIF,2,1368600000,JoyoagungRK 02,,0.00,0.00,0.00,0.00
3,EazyKost Joyo Agung,RK 03,Yudi Kustendi,Tele > Aan,Verry,09/ADP-EKJ/II-2025 (03-02-2025),6271031711770001,"JL. Kinibalu, No. 061 RT/RW 003/011",PALANGKA,JEKAN RAYA,PALANGKARAYA,,95.00,70.00,5000000,0,,,,,2026-02-03,,100,Belum diatur,1439000000,0,1439000000,2024-01-01,2024-01-01,,0.00,DEAL — BELUM BAYAR,,,,,,,,,,JAINUL,333200000,0,333200000,AKTIF,3,1368600000,JoyoagungRK 03,,0.00,0.00,0.00,0.00
4,EazyKost Joyo Agung,RK 04,DR. Podang Peksiadji,Tele > Achmad,Amin,15/ADP-EKJ/X-2024 (19-10-2024),3578261607720004,Jl. Wisma Permai Tengah 4/BB-16,MULYOREJO,MULYOREJO,SURABAYA,,85.00,70.00,5000000,0,2023-04-29,2024-12-20,52802500,,2025-12-19,,100,Belum diatur,1425000000,0,1425000000,2024-01-01,2024-01-01,,0.00,DEAL — BELUM BAYAR,,,,,,,,,,JAINUL,362700000,0,362700000,AKTIF,4,1368600000,JoyoagungRK 04,2023-04-29,0.00,0.00,0.00,0.00
5,EazyKost Joyo Agung,RK 05,Yuliyani,Amin,,15/ADP-EKJ/X-2024 (19-10-2024),3525115512740023,"Perum Cerme Indah, Jl. Nangka H2",BETITING,CERME,GRESIK,,85.00,70.00,5000000,0,,2024-12-20,4160000,,2025-12-19,,100,Belum diatur,1425000000,0,1425000000,2024-01-01,2024-01-01,,0.00,DEAL — BELUM BAYAR,,,,,,,,,,RIADI,323000000,0,323000000,AKTIF,5,1368600000,JoyoagungRK 05,,0.00,0.00,0.00,0.00
6,EazyKost Joyo Agung,RK 06,Rovita Febrianti,Adinda,Verry,15/ADP-EKJ/V-2025 (06-05-2025),3515075502980002,"Perum the Taman Dhika Cluster Arjuno C2-C12, RT 058, RW 015",Pagerwojo,Buduran,sidoarjo,,95.00,70.00,5000000,0,,2025-08-06,9550000,,2025-08-06,di angsur 14x pelunasan ke 15,100,Belum diatur,1680000000,0,1680000000,2024-05-01,2024-05-01,,0.00,DEAL — BELUM BAYAR,,,,,,,,,,,325125000,0,325125000,AKTIF,6,1368600000,JoyoagungRK 06,,0.00,0.00,0.00,0.00
7,EazyKost Joyo Agung,RK 07,Puguh Widagdo,Ika,,20/ADP-EKJ/VII-2025 (20-07-2025),3515080508760005,JL. RA KARTINI I/5 RT 3 RW 01,SIDOKLUMPUK,SIDOARJO,SIDOARJO,,90.00,70.00,5000000,0,,2025-08-06,630000,,2026-07-20,,100,Belum diatur,1700000000,0,1700000000,2024-08-01,2024-08-01,,0.00,DEAL — BELUM BAYAR,,,,,,,,,95% 21 Sep 2026,RIADI,331500000,0,331500000,AKTIF,7,1368600000,JoyoagungRK 07,,0.00,0.00,0.00,0.00
8,EazyKost Joyo Agung,RK 08,Yudi Kustendi,Tele > Aan,Verry,12/ADP-EKJ/VII-2024 (27-08-2024),6271031711770001,Jl. Kinibalu No.61,PALANGKA,JEKAN RAYA,PALANGKARAYA,,85.00,70.00,5000000,10000000,,,,,2025-09-27,,100,Belum diatur,1371400000,0,1371400000,2024-01-01,2024-01-01,,0.00,DEAL — BELUM BAYAR,,,,,,,,,,JAINUL,331500000,0,331500000,AKTIF,8,1368600000,JoyoagungRK 08,,0.00,0.00,0.00,0.00
9,EazyKost Joyo Agung,RK 09,Arin Istiani,Aan,Verry,13/ADP-EKJ/IX-2024 (08-09-2024),3506245908790001,Dsn. PADANGAN LOR,PADANGAN,KAYEN KIDUL,KEDIRI,,85.00,70.00,5000000,0,,2024-10-07,43020000,,2025-11-08,,100,Belum diatur,1371400000,0,1371400000,2024-01-01,2024-01-01,,0.00,DEAL — BELUM BAYAR,,,,,,,,,,JAINUL,358800000,0,358800000,AKTIF,9,1368600000,JoyoagungRK 09,,0.00,0.00,0.00,0.00
10,EazyKost Joyo Agung,RK 10,Zayyana Nu'ma Fakhiriyah,Adib,Amin,03/ADP-EKJ/I-2025 (10-01-2025),3522105505950002,"DSn. Kebon, RT 04 RW 03",KAUMAN,BAURENO,BOJONEGORO,,95.00,70.00,5000000,0,,2025-02-05,12884450,,2026-01-10,Tambahan retensi apabila STB di luar musim hujan,0,Belum diatur,1349000000,0,1349000000,2024-01-01,2024-01-01,,0.00,DEAL — BELUM BAYAR,,,,,,,,,,RIADI,323000000,0,323000000,AKTIF,10,1368600000,JoyoagungRK 10,,0.00,0.00,0.00,0.00
11,EazyKost Joyo Agung,RK 11,dr. Aulia Martyana Achsar,Amin,,11/ADP-EKJ/IV-2025 (05-04-2025),1221071803950003,GPL Munthe Jl. Tiung VII No. H446,Swarga Bara,Sangatta Utara,Kutai Timur,,95.00,70.00,5000000,0,,2025-04-16,700000,,2026-04-05,di angsur 12X,100,Belum diatur,1539000000,0,1539000000,2024-04-01,2024-04-01,,0.00,DEAL — BELUM BAYAR,,,,,,,,,,RIADI,361000000,0,361000000,AKTIF,11,1368600000,JoyoagungRK 11,,0.00,0.00,0.00,0.00
12,EazyKost Joyo Agung,RK 12,Ayu Chandra Puspitasari,Amin,,09/ADP-EKJ/XII-2024 (04-07-2024),3578106301900003,Perum Green Cibuur,MEKARSARI,CIMANGGIS,DEPOK,,85.00,70.00,5000000,0,2023-09-13,,,,2025-10-04,,100,Belum diatur,1199000000,0,1199000000,2024-01-01,2024-01-01,,0.00,DEAL — BELUM BAYAR,,,,,,,,,,DWI,335750000,0,335750000,AKTIF,12,1368600000,JoyoagungRK 12,2023-09-13,0.00,0.00,0.00,0.00
13,EazyKost Joyo Agung,RK 13,Nita Anrestiyanti,Eksternal,,,,,,,,,0.00,0.00,0,0,,,,,,,0,Belum diatur,1500000000,0,1500000000,2023-01-01,2023-01-01,,0.00,DEAL — BELUM BAYAR,,,,,,,,,,JAENAL,333200000,0,333200000,AKTIF,14,1368600000,JoyoagungRK 13,,0.00,0.00,0.00,0.00
14,EazyKost Joyo Agung,RK 14,Farida Ulfa,Adib,Amin,16/ADP-EKJ/XI-2024 (23-11-2024),1671075507800019,"Jl. Sikatan No.11, RT/RW 024/005",9 ILIR,Ilir Timur II,Kota Palembang,,85.00,70.00,5000000,7500000,,2025-01-06,,,2025-12-23,,100,Belum diatur,1440000000,0,1440000000,2024-01-01,2024-01-01,,0.00,DEAL — BELUM BAYAR,,,,,,,,,,RIADI,323000000,0,323000000,AKTIF,15,1445000000,JoyoagungRK 14,,0.00,0.00,0.00,0.00
15,EazyKost Sigura-gura,A 1,A1,,,,,,,,,,0.00,0.00,0,0,,,,,,,0,Belum diatur,0,0,0,,,,,BELUM TERJUAL,Buat PPJB,,,,,,,,,X,0,0,0,AKTIF,34,7276000000,SiguraguraA 1,,0.00,0.00,0.00,0.00
16,EazyKost Sigura-gura,A 2,Belum diisi — perlu dilengkapi PIC,,,06/ADP-EK/V-2024 (17-05-2024),6408042604670002,"Jl. Angsoka No. 23 Panorama,",SWARGA BARA,SANGGATTA UTARA,KAB. KUTAI TIMUR,,252.00,84.00,0,0,,,0,,,,100,10.102.002,3550000000,0,3550000000,2024-01-01,2024-01-01,,0.00,DEAL — BELUM BAYAR,,46854000,,46854000,,,,,100% 16 Jan 2026,SKM,1060164000,0,1060164000,AKTIF,16,3405000000,SiguraguraA 2,,0.00,0.00,0.00,0.00
17,EazyKost Sigura-gura,A 3,Belum diisi — perlu dilengkapi PIC,,,07/ADP-EKS/VI-2024 (06-06-2024),3175085811790002,"Jl. Straudga No. 9,",HALIM PERDANA KUSUMA,MAKASAR,JAKARTA TIMUR,,252.00,84.00,5000000,0,,,77593900,,2025-06-06,,100,Belum diatur,3719000000,0,3719000000,2024-01-01,2024-01-01,,0.00,DEAL — BELUM BAYAR,,126146734,,126146734,,,,,,SKM,991565939,0,991565939,AKTIF,23,3405000000,SiguraguraA 3,,0.00,0.00,0.00,0.00
18,EazyKost Sigura-gura,A 4,Belum diisi — perlu dilengkapi PIC,,,17/ADP-EKS/VI-2025 (16-06-2025),5207044211760001,JLN. EMAS 385 BUIN BATU RT 01 RW 01,SEKONGKANG A,SEKONGKANG,SUMBAWA BARAT,87885294222,252.00,84.00,5000000,0,,2025-06-24,91055400,,2026-06-16,,100,Belum diatur,3775000000,0,3775000000,2023-08-01,2023-08-01,,0.00,DEAL — BELUM BAYAR,,,,,,,,,,SKM,957600000,0,957600000,AKTIF,30,3825000000,SiguraguraA 4,,0.00,0.00,0.00,0.00
19,EazyKost Sigura-gura,A 5,SONY SASONO,,,19/ADP-EKS/VII-2025 (10-07-2025),3515081409620001,JL. IJEN NIRWANA RESIDENCE C1-3 RT 001 RW 004,Bareng,Klojen,KOTA MALANG,,252.00,84.00,5000000,0,,2025-07-28,54820950,,,,100,Belum diatur,4000000000,0,4000000000,2023-08-01,2023-08-01,,0.00,DEAL — BELUM BAYAR,,,,,,,,,,SKM,957600000,0,957600000,AKTIF,32,3825000000,SiguraguraA 5,,0.00,0.00,0.00,0.00
20,EazyKost Sigura-gura,A 6,Belum diisi — perlu dilengkapi PIC,,,12/ADP-EKS/IV-2025 (06-04-2025),3573050804990002,"JL. Mertojoyo Blok N No. 2, RT 004 RW 010",MERJOSARI,LOWOKWARU,KOTA MALANG,,252.00,84.00,5000000,0,,,,,2026-04-06,,100,Belum diatur,3825000000,0,3825000000,2023-06-01,2023-06-01,,0.00,DEAL — BELUM BAYAR,,,,,,,,,,SKM,957600000,0,957600000,AKTIF,27,3825000000,SiguraguraA 6,,0.00,0.00,0.00,0.00
21,EazyKost Sigura-gura,A 7,Belum diisi — perlu dilengkapi PIC,,,005/ADP-EK/XII-2023 (02-12-2023),3575012605030001,JL. SOEKARNO HATTA RT 002 RW 002,KARANGKETUG,GADINGREJO,KOTA PASURUAN,,252.00,84.00,5000000,10750000,,2023-12-20,37268467,2023-12-28,2024-12-20,,100,Belum diatur,3175000000,0,3175000000,2024-01-01,2024-01-01,,0.00,DEAL — BELUM BAYAR,,37268467,,37268467,,,,,100% 16 Jan 2026,INDRA,901558400,0,901558400,AKTIF,21,3405000000,SiguraguraA 7,,0.00,0.00,0.00,0.00
22,EazyKost Sigura-gura,B 1,ANIES HERMAWATY,,,2007/W/DI/IX/2023 (02-09-2023),9202126905810001,"JL. S. CONDRONEGORO, SH. RT 001/RW 010",MANOKWARI BARAT,MANOKWARI BARAT,KAB MANOKWARI,,180.00,60.00,5000000,0,,,15540000,,2024-09-29,,100,Belum diatur,1800000000,0,1800000000,2024-01-01,2024-01-01,,0.00,DEAL — BELUM BAYAR,,43629375,,43629375,,,,,100% 16 Jan 2026,SKM,676164240,0,676164240,AKTIF,19,2240000000,SiguraguraB 1,,0.00,0.00,0.00,0.00
23,EazyKost Sigura-gura,B 2,Belum diisi — perlu dilengkapi PIC,,,004/ADP-EK/XI-2023 (30-11-2023),6474030905910002,PERUM D'WIGA REGENCY B2-01 RT 006/RW 017,MOJOLANGU,LOWOKWARU,KOTA MALANG,,180.00,60.00,5000000,0,,2023-12-09,60000000,,2024-08-09,,100,Belum diatur,1700000000,0,1700000000,2024-01-01,2024-01-01,,0.00,DEAL — BELUM BAYAR,,60825000,,60825000,,,,,100% 16 Jan 2026,SKM,676164240,0,676164240,AKTIF,20,2240000000,SiguraguraB 2,,0.00,0.00,0.00,0.00
24,EazyKost Sigura-gura,B 3,Belum diisi — perlu dilengkapi PIC,,,1999/W/DI/VIII/2023 (29-07-2023),3578232207710002,PALM SPRING REGENCY BLOK C-101 RT 002/RW 007,KEL. JAMBANGAN,JAMBANGAN,KOTA SURABAYA,,180.00,60.00,3000000,0,,2023-09-29,25563845,2023-10-06,2024-07-29,,100,Belum diatur,1800000000,0,1800000000,2024-01-01,2024-01-01,,0.00,DEAL — BELUM BAYAR,,25563845,,25563845,,,,,100% 16 Jan 2026,SKM,676164240,0,676164240,AKTIF,18,2240000000,SiguraguraB 3,,0.00,0.00,0.00,0.00
25,EazyKost Sigura-gura,B 4,Belum diisi — perlu dilengkapi PIC,,,1993/W/DI/VI/2023 (22-06-2023),3518044208710000,"DUSUN NGLABAN, RT 002/RW 003",DESA NGLABAN,LOCERET,KAB NGANJUK,,180.00,60.00,5000000,0,2023-09-13,2023-08-28,,,2024-06-22,,100,Belum diatur,1550000000,0,1550000000,2024-01-01,2024-01-01,,0.00,DEAL — BELUM BAYAR,,,,,,,,,100% 16 Jan 2026,SKM,676164240,0,676164240,AKTIF,17,2240000000,SiguraguraB 4,2023-09-13,0.00,0.00,0.00,0.00
26,EazyKost Sigura-gura,B 5,Belum diisi — perlu dilengkapi PIC,,,01/ADP-EK/II-2024 (20-02-2024),3276021403640010,"Kec. Cimanggis, Depok, Jawa Barat",HARJAMUSTI,CIMANGGIS,KOTA DEPOK,,180.00,60.00,5000000,0,2023-04-29,,144694770,,2024-02-20,,100,Belum diatur,1800000000,0,1800000000,2024-01-01,2024-01-01,,0.00,DEAL — BELUM BAYAR,,144120000,,144120000,,,,,100% 16 Jan 2026,SKM,676164240,0,676164240,AKTIF,22,2240000000,SiguraguraB 5,2023-04-29,0.00,0.00,0.00,0.00
27,EazyKost Sigura-gura,B 6,Belum diisi — perlu dilengkapi PIC,,,13/ADP-EKS/IV-2025 (23-04-2025),3573036406780002,"JL. DANAU KERINCI II E5 D-4, RT 002 rw 007",LESANPURO,KEDUNGKANDANG,KOTA MALANG,,180.00,60.00,5000000,0,,,,,2026-04-23,,100,Belum diatur,2529000000,0,2529000000,2023-06-01,2023-06-01,,0.00,DEAL — BELUM BAYAR,,,,,,,,,,CMA,676000000,0,676000000,AKTIF,28,2679000000,SiguraguraB 6,,0.00,0.00,0.00,0.00
28,EazyKost Sigura-gura,B 7,Belum diisi — perlu dilengkapi PIC,,,09/ADP-EKS/VII-2024 (03-07-2024),3514115712680001,"Dsn. Jetak,",KARANGJATI,PANDAAN,KAB PASURUAN,,180.00,60.00,5000000,0,,,68034640,,2025-07-03,,100,Belum diatur,2550000000,0,2550000000,2024-01-01,2024-01-01,,0.00,DEAL — BELUM BAYAR,,68234640,,68234640,,,,,,CMA,676080000,0,676080000,AKTIF,24,2679000000,SiguraguraB 7,,0.00,0.00,0.00,0.00
29,EazyKost Sigura-gura,B 8,Belum diisi — perlu dilengkapi PIC,,,10/ADP-EKS/VII-2024 (05-07-2024),3573042701820012,Jl. Jenggolo III/128,PUCANG,SIDOARJO,KAB SIDOARJO,,180.00,60.00,0,0,,2024-07-11,,,2025-07-05,,100,Belum diatur,1900000000,0,1900000000,2024-06-01,2024-06-01,,0.00,DEAL — BELUM BAYAR,,27584500,,27584500,,,,,100% 16 Jan 2026,CMA,676080000,0,676080000,AKTIF,25,2240000000,SiguraguraB 8,,0.00,0.00,0.00,0.00
30,EazyKost Sigura-gura,B 9,NOORAN DAVICK,,,16/ADP-EKS/VI-2025 (12-06-2025),3573042701820012,Jl. Jenggolo III/128,PUCANG,SIDOARJO,KAB SIDOARJO,,180.00,60.00,5000000,0,,2025-06-19,15062080,,2026-06-12,,100,Belum diatur,2200000000,0,2200000000,2023-08-01,2023-08-01,,0.00,DEAL — BELUM BAYAR,,70011546,,70011546,,,,,,CMA,676080000,0,676080000,AKTIF,29,2699000000,SiguraguraB 9,,0.00,0.00,0.00,0.00
31,EazyKost Sigura-gura,B 10,Belum diisi — perlu dilengkapi PIC,,,18/ADP-EKS/VI-2025 (18-06-2025),3508051206790005,DUSUN DAWUHAN,PULO,TEMPEH,LUMAJANG,,180.00,60.00,5000000,0,,2025-06-24,134887590,,2026-06-18,,100,Belum diatur,2550000000,0,2550000000,2023-08-01,2023-08-01,,0.00,DEAL — BELUM BAYAR,,,,,,,,,,CMA,676000000,0,676000000,AKTIF,31,2699000000,SiguraguraB 10,,0.00,0.00,0.00,0.00
32,EazyKost Sigura-gura,B 11,Belum diisi — perlu dilengkapi PIC,,,22/ADP-EKS/VIII-2025 (21-08-2025),3525106103660004,"Jl. Puri Jawa Asri 1/48, RT 002 RW 009",YOSOWILANGUN,MANYAR,KAB GRESIK,,180.00,60.00,5000000,0,,2025-09-13,149692140,,2026-08-21,,100,Belum diatur,2550000000,0,2550000000,2023-08-01,2023-08-01,,0.00,DEAL — BELUM BAYAR,,,,,,,,,,CMA,676000000,0,676000000,AKTIF,33,2699000000,SiguraguraB 11,,0.00,0.00,0.00,0.00
33,EazyKost Sigura-gura,B 12,Belum diisi — perlu dilengkapi PIC,,,10/ADP-EKS/II-2025 (27-02-2025),3202103009030005,KP. CILANGKAP RT 03 RW 05,CIKEMBAR,CIKEMBAR,KAB. SUKABUMI,82110842138,360.00,120.00,5000000,0,,,4200000,,2026-02-27,,100,Belum diatur,5000000000,0,5000000000,2023-03-01,2023-03-01,,0.00,DEAL — BELUM BAYAR,,4200000,,4200000,,,,,,CMA,1352160000,0,1352160000,AKTIF,26,5435000000,SiguraguraB 12,,0.00,0.00,0.00,0.00
34,Lumiera Garden,A 01,TAZKIYA SURYA KAMILA,,,,,,,,,,0.00,0.00,0,0,,,,,,,0,Belum diatur,0,0,0,,,,,BELUM TERJUAL,Buat PPJB,,,,,,,,,,0,0,0,AKTIF,63,1775400000,LumieraA 01,,0.00,0.00,0.00,0.00
35,Lumiera Garden,A 05,ANTOK SAPTODEWO,,,09/ADP.LG/2026 (23-07-2026),3201020510800018,"TMN. Kenari Nusantara MG.3/18-18.A, RT 02 RW 18",Nagrak,Gunungputri,Kab. Bogor,,153.00,91.00,5000000,0,,,,,2027-07-23,,100,Belum diatur,1700000000,0,1700000000,2026-07-30,2026-07-30,,0.00,DEAL — BELUM BAYAR,,,,,,,,,,Triyo,673200000,0,673200000,AKTIF,62,1725800000,LumieraA 05,,0.00,0.00,0.00,0.00
36,Lumiera Garden,A 07,TUNDJUNG ISWANDARU,,,07/ADP.LG/2026 (24-05-2026),3578100704690001,"Karang Asem 6/16, RT 003 RW 008",Ploso,Tambaksari,Kota Surabaya,811376904,153.00,130.00,5000000,0,,,,,2027-05-24,,100,Belum diatur,1815000000,0,1815000000,2026-05-24,2026-05-24,,0.00,DEAL — BELUM BAYAR,,,,,,,,,,X,657900000,0,657900000,AKTIF,60,1813000000,LumieraA 07,,0.00,0.00,0.00,0.00
37,Lumiera Garden,A 2,"DWI INDRA KUNTOADJI, SE",,,04/ADP.LG/2026 (09-04-2026),3175012202710001,"Jl. Mede, RT 004, RW.008 Kelurahan Utan Kayu Utara",Utan Kayu Utara,Matraman,DKI Jakarta Timur,,153.00,96.00,15000000,0,,,,,2027-04-09,,100,Belum diatur,1500000000,0,1500000000,2026-04-10,2026-04-10,,0.00,DEAL — BELUM BAYAR,,,,,,,,,,RIO,657900000,0,657900000,AKTIF,56,1589500000,LumieraA 2,,0.00,0.00,0.00,0.00
38,Lumiera Garden,A 3,,,,,,,,,,,0.00,0.00,0,0,,,,,,,0,Belum diatur,0,0,0,,,,,BELUM TERJUAL,Buat PPJB,,,,,,,,,,,,,,,1747000000,LumieraA 3,,0,0,0,0
39,Lumiera Garden,A 4,MELLYA INDRIANTI PUTRI,,,03/ADP.LG/2026 (09-04-2026),3573045805810003,"Jl. Danau Maninjau Tengah II B3 F-8, RT-12 RW-09",Sawojajar,Kedungkandang,KOTA MALANG,,139.00,92.00,5000000,0,,,,,2027-04-09,,100,Belum diatur,1400000000,0,1400000000,2026-04-10,2026-04-10,,0.00,DEAL — BELUM BAYAR,,,,,,,,,,Siswoyo,673200000,0,673200000,AKTIF,57,1559400000,LumieraA 4,,0.00,0.00,0.00,0.00
40,Lumiera Garden,A 6,,,,,,,,,,,0.00,0.00,0,0,,,,,,,0,Belum diatur,0,0,0,,,,,BELUM TERJUAL,Buat PPJB,,,,,,,,,,,,,,,1725800000,LumieraA 6,,0,0,0,0
41,Lumiera Garden,B 09,TAZKIYA SURYA KAMILA,,,,,,,,,,0.00,0.00,0,0,,,,,,,0,Belum diatur,0,0,0,,,,,BELUM TERJUAL,Buat PPJB,,,,,,,,,,0,0,0,AKTIF,64,0,LumieraB 09,,0.00,0.00,0.00,0.00
42,Lumiera Garden,B 1,,,,,,,,,,,0.00,0.00,0,0,,,,,,,0,Belum diatur,0,0,0,,,,,BELUM TERJUAL,Buat PPJB,,,,,,,,,,,,,,,1997000000,LumieraB 1,,0,0,0,0
43,Lumiera Garden,B 2,,,,,,,,,,,0.00,0.00,0,0,,,,,,,0,Belum diatur,0,0,0,,,,,BELUM TERJUAL,Buat PPJB,,,,,,,,,,,,,,,2005100000,LumieraB 2,,0,0,0,0
44,Lumiera Garden,B 3,,,,,,,,,,,0.00,0.00,0,0,,,,,,,0,Belum diatur,0,0,0,,,,,BELUM TERJUAL,Buat PPJB,,,,,,,,,,,,,,,2014400000,LumieraB 3,,0,0,0,0
45,Lumiera Garden,B 4,,,,,,,,,,,0.00,0.00,0,0,,,,,,,0,Belum diatur,0,0,0,,,,,BELUM TERJUAL,Buat PPJB,,,,,,,,,,,,,,,2202800000,LumieraB 4,,0,0,0,0
46,Lumiera Garden,C 1,,,,,,,,,,,0.00,0.00,0,0,,,,,,,0,Belum diatur,0,0,0,,,,,BELUM TERJUAL,Buat PPJB,,,,,,,,,,,,,,,1010800000,LumieraC 1,,0,0,0,0
47,Lumiera Garden,C 2,FITRIA AMALIA DEWI,,,05/ADP.LG/I/2025 (25-01-2025),3573055710780007,PERUM ALAMSARI PASCA UB JL.JOYO AGUNG BLOK C-14,MERJOSARI,LOWOKWARU,KOTA MALANG,,60.00,60.00,5000000,0,,,,,2026-04-25,,100,Belum diatur,529000000,0,529000000,2024-03-01,2024-03-01,,0.00,DEAL — BELUM BAYAR,,13000000,,13000000,,,,,,Kurniawan,225000000,0,225000000,AKTIF,43,712400000,LumieraC 2,,0.00,0.00,0.00,0.00
48,Lumiera Garden,C 3,"TRI PRASETYANINGRUM,SE,MM",,,06/ADP.LG/I/2025 (28-01-2025),3577016107810005,"JL. SARIMULYA NO. 55, RT 16 RW 05,",REJOMULYO,KARTOHARJO,MADIUN,,60.00,60.00,5000000,0,,2025-02-06,,,2026-04-28,,100,Belum diatur,529000000,0,529000000,2024-01-01,2024-01-01,,0.00,DEAL — BELUM BAYAR,,13000000,,13000000,,,,,,Kurniawan,225000000,0,225000000,AKTIF,44,712400000,LumieraC 3,,0.00,0.00,0.00,0.00
49,Lumiera Garden,C 4,BUDIONO SH,,,24/ADP.LG/2025 (22-10-2025),3573050111630003,Jl. Joyo Pranoto No. 642 B,Merjosari,Lowokwaru,Malang,,60.00,70.00,5000000,0,,2025-11-14,77530375,,2026-10-22,,100,Belum diatur,696000000,0,696000000,2023-10-01,2023-10-01,,0.00,DEAL — BELUM BAYAR,,,,,,,,,,Kurniawan,281200000,0,281200000,AKTIF,52,788200000,LumieraC 4,,0.00,0.00,0.00,0.00
50,Lumiera Garden,C 5,,,,,,,,,,,0.00,0.00,0,0,,,,,,,0,Belum diatur,0,0,0,,,,,BELUM TERJUAL,Buat PPJB,,,,,,,,,,,,,,,1087300000,LumieraC 5,,0,0,0,0
51,Lumiera Garden,C 6,,,,,,,,,,,0.00,0.00,0,0,,,,,,,0,Belum diatur,0,0,0,,,,,BELUM TERJUAL,Buat PPJB,,,,,,,,,,,,,,,989600000,LumieraC 6,,0,0,0,0
52,Lumiera Garden,C 7,,,,,,,,,,,0.00,0.00,0,0,,,,,,,0,Belum diatur,0,0,0,,,,,BELUM TERJUAL,Buat PPJB,,,,,,,,,,,,,,,968400000,LumieraC 7,,0,0,0,0
53,Lumiera Garden,LK 1,DYAH LUSITA RISDHIANTI,,,02/ADP.LG/2026 (02-02-2026),3573024506800010,"Jl. Sawo 4, RT 10 RW 05",Bareng,Klojen,KOTA MALANG,,150.00,131.00,5000000,0,,,,,2027-02-02,,100,Belum diatur,1749000000,0,1749000000,2026-02-01,2026-02-01,,0.00,DEAL — BELUM BAYAR,,,,,,,,,,MCA,660000000,0,660000000,AKTIF,55,1780300000,LumieraLK 1,,0.00,0.00,0.00,0.00
54,Lumiera Garden,LK 2,ETTY PARAWATI,,,21/ADP.LG/XII/2024 (30-12-2024),3175075601710014,"JL. TEMPURUNG BLK A-17/20, RT 004 RW 004",PONDOK KELAPA,DUREN SAWIT,JAKARTA TIMUR,,85.00,66.00,5000000,0,2023-04-29,,,,2026-03-30,,100,Belum diatur,875000000,870000000,5000000,2025-02-12,2025-02-12,2025-07-16,99.43,TERJUAL BERTAHAP,,3798000,,3798000,,,,,,Riadi,323000000,0,323000000,AKTIF,41,991000000,LumieraLK 2,2023-04-29,0.00,0.00,0.00,0.00
55,Lumiera Garden,LK 3,RACHMADIANA SARI,,,02/ADP.LG/I/2025 (08-01-2025),6472055407790001,JL. JAKARTA 2 PERUM DAKSA BLOK D7 NO.19,LOK BAHU,SUNGAI KUNJUNG,KOTA SAMARINDA,,85.00,66.00,5000000,0,,,,,2026-04-08,,100,Belum diatur,950000000,945000000,5000000,2024-01-01,2024-01-01,2025-04-10,99.47,TERJUAL BERTAHAP,,4685000,,4685000,,,,,,Riadi,323000000,0,323000000,AKTIF,42,991000000,LumieraLK 3,,0.00,0.00,0.00,0.00
56,Lumiera Garden,LK 4,ENDAH KUSWINTARI,,,08/ADP.LG/2025 (01-02-2025),3504055511770001,DSN. DERES RT 02 RW 01,KIPING,GONDANG,TULUNGAGUNG,,85.00,0.00,5000000,0,,,,,2026-05-01,,100,Belum diatur,989000000,984000000,5000000,2024-03-01,2024-03-01,2025-05-01,99.49,TERJUAL BERTAHAP,,,,,,,,,,Richi,333625000,0,333625000,AKTIF,46,991000000,LumieraLK 4,,0.00,0.00,0.00,0.00
57,Lumiera Garden,LK 5,NINIK YULAIKAH,,,,,,,,,,0.00,0.00,0,0,,,,,,,0,Belum diatur,1105000000,315625000,789375000,2024-01-01,2024-01-01,2025-07-18,28.56,TERJUAL BERTAHAP,,,,,,,,,,Desta,327250000,0,327250000,AKTIF,47,991000000,LumieraLK 5,,0.00,0.00,0.00,0.00
58,Lumiera Garden,LK 6,NINIK YULAIKAH,,,22/ADP.LG/XII/2024 (26-12-2024),3507114607800004,Dsn. KRAJAN I RT 002 RW 004,TUMPAKREJO,KALIPARE,KAB MALANG,,85.00,66.00,5000000,0,,,,,2026-03-26,,100,Belum diatur,875000000,620875000,254125000,2024-01-01,2024-01-01,2025-07-18,70.96,TERJUAL BERTAHAP,,5216000,,5216000,,,,,,Desta,327250000,0,327250000,AKTIF,40,991000000,LumieraLK 6,,0.00,0.00,0.00,0.00
59,Lumiera Garden,LK 7,HENY SUSANTI,,,18/ADP.LG/XII/2024 (19-12-2024),3515106202770002,"VILLA JASMINE 3 B-4, RT 057 RW 014",SUKO,SIDOARJO,SIDOARJO,,85.00,66.00,5000000,0,,,,,2026-03-19,,100,Belum diatur,989000000,984000000,5000000,2024-02-01,2024-02-01,2025-11-03,99.49,TERJUAL BERTAHAP,,4685000,,4685000,,,,,,Listyo,327250000,0,327250000,AKTIF,35,991000000,LumieraLK 7,,0.00,0.00,0.00,0.00
60,Lumiera Garden,LK 8,DJUWITO/AGUSTINA IRAWATI,,,16/ADP.LG/XII/2024 (2-12-2024),7308225303070002,"PERUM PURI SURYA JAYA BLOK L.07 NO.11, RT 001 RW 007",PUNGGUL,GEDANGAN,KAB SIDOARJO,,85.00,66.00,5000000,0,2023-09-13,2025-02-10,,,2026-03-02,,100,Belum diatur,875000000,870000000,5000000,2024-01-01,2024-01-01,2024-12-19,99.43,TERJUAL CASH,,1675000,,1675000,,,,,,Listyo,327250000,0,327250000,AKTIF,36,991000000,LumieraLK 8,2023-09-13,0.00,0.00,0.00,0.00
61,Lumiera Garden,LK 9,DWI MULYONO,,,19/ADP.LG/XII/2024 (23-12-2024),32750615511850009,JL. TENIS MEJA NO 57 RT 002 RW 003,TASIKMADU,LOWOKWARU,MALANG,,85.00,66.00,5000000,0,,,,,2026-03-23,,100,Belum diatur,875000000,870000000,5000000,2024-02-01,2024-02-01,2025-12-22,99.43,TERJUAL BERTAHAP,,4832000,,4832000,,,,,,CMA,340000000,0,340000000,AKTIF,37,991000000,LumieraLK 9,,0.00,0.00,0.00,0.00
62,Lumiera Garden,LK 10,MOCHAMAD YUNUS,,,20/ADP.LG/XII/2024 (25-12-2024),3374130608600002,JL. FLAMBOYAN BTN LINGKARAN PRATAMA BLOK Y NO.02,PAGUTAN,MATARAM,KOTA MATARAM,,85.00,66.00,0,0,,,,,2026-03-25,,100,Belum diatur,875000000,870000000,5000000,2024-01-01,2024-01-01,2025-01-26,99.43,TERJUAL BERTAHAP,,4832000,,4832000,,,,,,CMA,340000000,0,340000000,AKTIF,38,991000000,LumieraLK 10,,0.00,0.00,0.00,0.00
63,Lumiera Garden,LK 11,"DEBORA ASIH NATALIA ALLE, ST",,,07/ADP.LG/I/2025 (31-01-2025),3573056012790012,KOMPLEK POLRI PEJATEN BARAT RT 16 RW 01,PEJATEN BARAT,PASAR MINGGU,JAKARTA SELATAN,,85.00,66.00,5000000,0,,2025-02-06,,,,,100,Belum diatur,964000000,959000000,5000000,2025-04-01,2025-04-01,2025-03-06,99.48,TERJUAL BERTAHAP,,6023500,,6023500,,,,,,Richi,333625000,0,333625000,AKTIF,45,991000000,LumieraLK 11,,0.00,0.00,0.00,0.00
64,Lumiera Garden,LK 12,FITRIA AGUSTINA,,,01/ADP.LG/I/2025 (07-01-2025),3174055508801002,"KOMP. Maya Garden A-5, RT 16 RW 08",KEBAYORAN LAMA UTARA,KEBAYORAN,JAKARTA SELATAN,,85.00,66.00,5000000,0,,2025-02-05,,,2026-04-07,,100,Belum diatur,875000000,870000000,5000000,2024-01-01,2024-01-01,2025-01-25,99.43,TERJUAL BERTAHAP,,6032500,,6032500,,,,,,Richi,331500000,0,331500000,AKTIF,39,991000000,LumieraLK 12,,0.00,0.00,0.00,0.00
65,Lumiera Garden,LK 13,MARIA MAGDANI,,,08/ADP.LG/2026 (23-07-2026),3175046108690012,"Jl. Pucung Raya, RT 11 RW 02",Balekambang,Kramatjati,Jakarta Timur,,85.00,80.00,5000000,0,,,,,2027-07-23,,100,Belum diatur,1300000000,0,1300000000,2026-07-30,2026-07-30,,0.00,DEAL — BELUM BAYAR,,,,,,,,,,Triyo,374000000,0,374000000,AKTIF,61,1198200000,LumieraLK 13,,0.00,0.00,0.00,0.00
66,Lumiera Garden,LK 14,,,,,,,,,,,0.00,0.00,0,0,,,,,,,0,Belum diatur,0,0,0,,,,,BELUM TERJUAL,Buat PPJB,,,,,,,,,,,,,,,1198200000,LumieraLK 14,,0,0,0,0
67,Lumiera Garden,LK 15,ISMU RETNA WARDHANI,,,06/ADP.LG/2026 (28-04-2026),3515085107720002,"Pondok Mutiara O-22, RT-21 RW-09",Banjarbendo,Sidoarjo,Kab. SIdoarjo,81281771093,85.00,80.00,5000000,0,,,,,2027-04-28,,100,Belum diatur,1150000000,0,1150000000,2026-04-28,2026-04-28,,0.00,DEAL — BELUM BAYAR,,,,,,,,,,X,365500000,0,365500000,AKTIF,59,1198200000,LumieraLK 15,,0.00,0.00,0.00,0.00
68,Lumiera Garden,LK 16,YUNITA PURNAMAWATI,,,11/ADP.LG/2026 07-08-2026),3173026406750006,Jl.Tomang Utara IV No.125,Tomang,Grogol Petamburan,Jakarta Barat,,85.00,78.00,5000000,0,,2026-08-20,33669480,,2027-08-07,,100,Belum diatur,1250000000,0,1250000000,2026-08-01,2026-08-01,,0.00,DEAL — BELUM BAYAR,,,,,,,,,,Riadi,411136000,0,411136000,AKTIF,65,1183400000,LumieraLK 16,,0.00,0.00,0.00,0.00
69,Lumiera Garden,LK 17,MUHAMMAD NASSAR,,,26/ADP.LG/2025 (27-10-2025),6408041704790004,Jl. Assadiyah GG.H. Arfah No.245,Kelurahan Sangatta Utara,Sangatta Utara,KUTAI TIMUR,,85.00,76.00,5000000,0,,,,,2026-10-21,,100,Belum diatur,1175000000,987500000,187500000,2023-09-01,2023-09-01,2025-12-22,84.04,TERJUAL BERTAHAP,,,,,,,,,,Abdillah,331500000,0,331500000,AKTIF,51,1072800000,LumieraLK 17,,0.00,0.00,0.00,0.00
70,Lumiera Garden,LK 18,YOYOK WIDIANTO,,,05/ADP.LG/2026 (25-04-2026),1117010104840005,"Jl. PB. Sudirman GG. Kartika IV No. 10 DPS, RT 00, RW 00",Dauh Puri,Denpasar barat,Kota Denpasar,,85.00,76.00,5000000,0,,2026-04-27,720000,,2027-04-25,,100,Belum diatur,1125000000,0,1125000000,2026-04-25,2026-04-25,,0.00,DEAL — BELUM BAYAR,,,,,,,,,,X,365500000,0,365500000,AKTIF,58,1170600000,LumieraLK 18,,0.00,0.00,0.00,0.00
71,Lumiera Garden,LK 19,FARIDA BUDI WIJAYANTI,,,23/ADP.LG/2025 (20-10-2025),3577036706660002,"Perum Taman Salak Blok C/208, rt 52, rw 17",PANDEAN,TAMAN,KOTA MADIUN,,85.00,76.00,5000000,0,,,,,2026-10-20,,100,Belum diatur,1075000000,0,1075000000,2025-10-20,2025-10-20,,0.00,DEAL — BELUM BAYAR,,,,,,,,,,Abdillah,331500000,0,331500000,AKTIF,50,1057900000,LumieraLK 19,,0.00,0.00,0.00,0.00
72,Lumiera Garden,LK 20,,,,,,,,,,,0.00,0.00,0,0,,,,,,,0,Belum diatur,0,0,0,,,,,BELUM TERJUAL,Buat PPJB,,,,,,,,,,,,,,,1156100000,LumieraLK 20,,0,0,0,0
73,Lumiera Garden,LK 21,E WIDA KUSUMAWATI,,,27/ADP.LG/2025 (04-11-2025),3175085811790002,"Jl. Straudga No. 9, Halim perdana Kusuma",Halim perdana Kusuma,Makassar,Jakarta Timur,,85.00,60.00,5000000,0,,,,,2026-11-04,,100,Belum diatur,1175000000,1000000000,175000000,2023-09-01,2023-09-01,2025-11-11,85.11,TERJUAL CASH,,,,,,,,,,MCA,335750000,0,335750000,AKTIF,53,1046200000,LumieraLK 21,,0.00,0.00,0.00,0.00
74,Lumiera Garden,LK 22,JOVITA IKA PRAMYASTI,,,21/ADP.LG/2025 (20-08-2025),3573054804690003,"Jl. Ikan Hiu II/38-A, RT 001 RW 005",TUNJUNGSEKAR,LOWOKWARU,KOTA MALANG,,85.00,66.00,5000000,0,,2025-09-03,720000,,2026-11-20,,100,Belum diatur,1025000000,1020720000,4280000,2023-08-01,2023-08-01,2025-09-23,99.58,TERJUAL BERTAHAP,,,,,,,,,95% 18 Sep 2026,Siswoyo,331500000,0,331500000,AKTIF,48,1039200000,LumieraLK 22,,0.00,0.00,0.00,0.00
75,Lumiera Garden,LK 23,RIRIN YUNI ASTUTIK,,,23/ADP.LG/2025 (21-09-2025),3515136606790004,"Perum Pondok Wage Indah II Blok HH-20, RT 08 RW 012",Wage,Taman,Sidoarjo,,85.00,66.00,5000000,0,,2025-09-27,,,2026-09-21,,100,Belum diatur,1075000000,1070000000,5000000,2023-08-01,2023-08-01,2025-12-22,99.53,TERJUAL BERTAHAP,,,,,,,,,,Siswoyo,331500000,0,331500000,AKTIF,49,1032900000,LumieraLK 23,,0.00,0.00,0.00,0.00
76,Lumiera Garden,LK 24,YULI WULANDARI,,,01/ADP.LG/2026 (08-01-2026),3275056207720012,"Mediterania Regenci Cikunir Blok C129, RT 02 RW 02,",Jatibening,Pondokgede,Bekasi,,150.00,127.00,5000000,0,,2026-03-11,98594000,,2027-01-08,,100,Belum diatur,1800000000,50000000,1750000000,2025-12-19,2025-12-19,2025-10-24,2.78,TERJUAL CASH,,,,,,,,,,Riadi,660000000,0,660000000,AKTIF,54,1751500000,LumieraLK 24,,0.00,0.00,0.00,0.00
77,Lumiera Garden,LK 25,,,,,,,,,,,0.00,0.00,0,0,,,,,,,0,Belum diatur,0,0,0,,,,,BELUM TERJUAL,Buat PPJB,,,,,,,,,,,,,,,2161000000,LumieraLK 25,,0,0,0,0
78,Mayana Resort,Nadya 01,,,,,,,,,,,0.00,0.00,0,0,,,,,,,0,Belum diatur,0,0,0,,,,,BELUM TERJUAL,Buat PPJB,,,,,,,,,,,,,,,1908400000,MayanaresortNadya 01,,0,0,0,0
79,Mayana Resort,Nadya 02,,,,,,,,,,,0.00,0.00,0,0,,,,,,,0,Belum diatur,0,0,0,,,,,BELUM TERJUAL,Buat PPJB,,,,,,,,,,,,,,,1270800000,MayanaresortNadya 02,,0,0,0,0
80,Mayana Resort,Nadya 03,Yudi Kustendi,Aan,Verry,13/ADP.MR/VIII/2026 (31-08-2026),6271031711770001,"Jl. Kinibalu No.061, RT 003 RW 11",Palangka,Jekan Raya,Palangkaraya,,100.00,101.00,5000000,0,,,,,2027-08-31,,100,Belum diatur,0,0,0,,,,,BELUM TERJUAL,Buat PPJB,,,,,,,,,,,,,AKTIF,68,1270800000,MayanaresortNadya 03,,0.00,0.00,0.00,0.00
81,Mayana Resort,Nadya 04,,,,,,,,,,,0.00,0.00,0,0,,,,,,,0,Belum diatur,0,0,0,,,,,BELUM TERJUAL,Buat PPJB,,,,,,,,,,,,,,,1270800000,MayanaresortNadya 04,,0,0,0,0
82,Mayana Resort,Nadya 05,,,,,,,,,,,0.00,0.00,0,0,,,,,,,0,Belum diatur,0,0,0,,,,,BELUM TERJUAL,Buat PPJB,,,,,,,,,,,,,,,1270800000,MayanaresortNadya 05,,0,0,0,0
83,Mayana Resort,Nadya 06,,,,,,,,,,,0.00,0.00,0,0,,,,,,,0,Belum diatur,0,0,0,,,,,BELUM TERJUAL,Buat PPJB,,,,,,,,,,,,,,,1270800000,MayanaresortNadya 06,,0,0,0,0
84,Mayana Resort,Nadya 07,,,,,,,,,,,0.00,0.00,0,0,,,,,,,0,Belum diatur,0,0,0,,,,,BELUM TERJUAL,Buat PPJB,,,,,,,,,,,,,,,1049200000,MayanaresortNadya 07,,0,0,0,0
85,Mayana Resort,Nadya 08,,,,,,,,,,,0.00,0.00,0,0,,,,,,,0,Belum diatur,0,0,0,,,,,BELUM TERJUAL,Buat PPJB,,,,,,,,,,,,,,,1018000000,MayanaresortNadya 08,,0,0,0,0
86,Mayana Resort,Nadya 09,,,,,,,,,,,0.00,0.00,0,0,,,,,,,0,Belum diatur,0,0,0,,,,,BELUM TERJUAL,Buat PPJB,,,,,,,,,,,,,,,993000000,MayanaresortNadya 09,,0,0,0,0
87,Mayana Resort,Nadya 10,,,,,,,,,,,0.00,0.00,0,0,,,,,,,0,Belum diatur,0,0,0,,,,,BELUM TERJUAL,Buat PPJB,,,,,,,,,,,,,,,968100000,MayanaresortNadya 10,,0,0,0,0
88,Mayana Resort,Nadya 11,,,,,,,,,,,0.00,0.00,0,0,,,,,,,0,Belum diatur,0,0,0,,,,,BELUM TERJUAL,Buat PPJB,,,,,,,,,,,,,,,943100000,MayanaresortNadya 11,,0,0,0,0
89,Mayana Resort,Nadya 12,,,,,,,,,,,0.00,0.00,0,0,,,,,,,0,Belum diatur,0,0,0,,,,,BELUM TERJUAL,Buat PPJB,,,,,,,,,,,,,,,1147000000,MayanaresortNadya 12,,0,0,0,0
90,Mayana Resort,Nadya 13,,,,,,,,,,,0.00,0.00,0,0,,,,,,,0,Belum diatur,0,0,0,,,,,BELUM TERJUAL,Buat PPJB,,,,,,,,,,,,,,,1134500000,MayanaresortNadya 13,,0,0,0,0
91,Mayana Resort,Nadya 14,,,,,,,,,,,0.00,0.00,0,0,,,,,,,0,Belum diatur,0,0,0,,,,,BELUM TERJUAL,Buat PPJB,,,,,,,,,,,,,,,715700000,MayanaresortNadya 14,,0,0,0,0
92,Mayana Resort,Nadya 15,DR. Podang Peksiadji,Achmad,,28/ADP.MR/XII/2025 (14-12-2025),,,,,,,0.00,0.00,5000000,0,2023-09-13,,,,2026-03-23,,100,Belum diatur,629000000,0,629000000,2025-12-16,2025-12-16,,0.00,DEAL — BELUM BAYAR,,,,,,,,,,,0,0,0,AKTIF,66,715700000,MayanaresortNadya 15,2023-09-13,0.00,0.00,0.00,0.00
93,Mayana Resort,Nadya 16,,,,,,,,,,,0.00,0.00,0,0,,,,,,,0,Belum diatur,0,0,0,,,,,BELUM TERJUAL,Buat PPJB,,,,,,,,,,,,,,,715700000,MayanaresortNadya 16,,0,0,0,0
94,Mayana Resort,Nadya 17,Toto Nusantara,Achmad,,29/ADP.MR/XII/2025 (29-12-2025),,,,,,,0.00,0.00,5000000,0,,,,,,,100,Belum diatur,649000000,0,649000000,2025-12-29,2025-12-29,,0.00,DEAL — BELUM BAYAR,,,,,,,,,,,0,0,0,AKTIF,67,715700000,MayanaresortNadya 17,,0.00,0.00,0.00,0.00
95,Mayana Resort,Nadya 18,,,,,,,,,,,0.00,0.00,0,0,,,,,,,0,Belum diatur,0,0,0,,,,,BELUM TERJUAL,Buat PPJB,,,,,,,,,,,,,,,715700000,MayanaresortNadya 18,,0,0,0,0
96,Mayana Resort,Nadya 19,,,,,,,,,,,0.00,0.00,0,0,,,,,,,0,Belum diatur,0,0,0,,,,,BELUM TERJUAL,Buat PPJB,,,,,,,,,,,,,,,956700000,MayanaresortNadya 19,,0,0,0,0
97,Mayana Resort,Nadya 20,,,,,,,,,,,0.00,0.00,0,0,,,,,,,0,Belum diatur,0,0,0,,,,,BELUM TERJUAL,Buat PPJB,,,,,,,,,,,,,,,940100000,MayanaresortNadya 20,,0,0,0,0
98,Mayana Resort,Nadya 21,,,,,,,,,,,0.00,0.00,0,0,,,,,,,0,Belum diatur,0,0,0,,,,,BELUM TERJUAL,Buat PPJB,,,,,,,,,,,,,,,877700000,MayanaresortNadya 21,,0,0,0,0
99,Mayana Resort,Nadya 22,,,,,,,,,,,0.00,0.00,0,0,,,,,,,0,Belum diatur,0,0,0,,,,,BELUM TERJUAL,Buat PPJB,,,,,,,,,,,,,,,865200000,MayanaresortNadya 22,,0,0,0,0
100,Mayana Resort,Nadya 23,,,,,,,,,,,0.00,0.00,0,0,,,,,,,0,Belum diatur,0,0,0,,,,,BELUM TERJUAL,Buat PPJB,,,,,,,,,,,,,,,971300000,MayanaresortNadya 23,,0,0,0,0
101,Mayana II,KA 01,,,,,,,,,,,0.00,0.00,0,0,,,,,,,0,Belum diatur,0,0,0,,,,,BELUM TERJUAL,Buat PPJB,,,,,,,,,,,,,,,1211000000,MayanaiiKA 01,,0,0,0,0
102,Mayana II,KA 02,,,,,,,,,,,0.00,0.00,0,0,,,,,,,0,Belum diatur,0,0,0,,,,,BELUM TERJUAL,Buat PPJB,,,,,,,,,,,,,,,1192300000,MayanaiiKA 02,,0,0,0,0
103,Mayana II,KA 03,,,,,,,,,,,0.00,0.00,0,0,,,,,,,0,Belum diatur,0,0,0,,,,,BELUM TERJUAL,Buat PPJB,,,,,,,,,,,,,,,1522900000,MayanaiiKA 03,,0,0,0,0
104,Mayana II,KA 04,,,,,,,,,,,0.00,0.00,0,0,,,,,,,0,Belum diatur,0,0,0,,,,,BELUM TERJUAL,Buat PPJB,,,,,,,,,,,,,,,2465700000,MayanaiiKA 04,,0,0,0,0
105,Mayana II,KA 05,,,,,,,,,,,0.00,0.00,0,0,,,,,,,0,Belum diatur,0,0,0,,,,,BELUM TERJUAL,Buat PPJB,,,,,,,,,,,,,,,1685200000,MayanaiiKA 05,,0,0,0,0
106,Mayana II,KA 06,,,,,,,,,,,0.00,0.00,0,0,,,,,,,0,Belum diatur,0,0,0,,,,,BELUM TERJUAL,Buat PPJB,,,,,,,,,,,,,,,2159700000,MayanaiiKA 06,,0,0,0,0
