Bank,No. Rekening,Nama Rekening,Vendor
BCA,3312155335,A. Bobby Irwanto,Jaya Abadi Landscape
BCA,2580228804,Abdul Azis ID ST,
BCA,2890026454,Achmad Nur Fahrudin,
BCA,4400012755,Adeline Wijaya,Notaris Adeline
BCA,8161918601,Adhi Property Indonesia,
BCA,0190591182,Adhiwena Wirya Wiyudi,
BCA,0113011057,Aditia Wicaksono,
BCA,4400459822,Ahmad Yoga Prasetyo,
BCA,090232396,Ajiib Aqiqah Berkah Indo,
BCA,1730358098,Alex Wahyudi,Cleaning
BCA,3151394017,Alfida Ayu Fitria,Parkir Pak Raden
BCA,4480472441,Andik Sutrisno,
BCA,4401226057,Angga Denis Darinsah,Oxygen CCTV
BCA,0191218573,Anita Dwi Retno Nursanti,Prayitno Wira S.
BCA,3151820555,Ansyahrullah,
BCA,1070496883,Arif Soffian Djunaedi,
BCA,4401319667,Arif Wahyudi,Amiet Sewu
BCA,3150914328,Arifin,
BCA,8030306733,Arya Desta Andika,Kontraktor
BCA,3311002421,Bella Eka Puspita Husada,
BCA,1930235853,Beny Rusfandi,UD. Hidup Baru
BCA,8161986895,Billy Perdana Putra,NFM
BCA,6151083347,Budi Chandra,Pemilik Ruko Kantor Suhat
BCA,8161874442,CV. Duta Beton Group,
BCA,4290974149,CV. Grosir Tumbler Surabaya,Kira Souvenir
BCA,4637755888,CV. Surya Karya Mandiri,SKM
BCA,8162041869,David Herrys,
BCA,5560556022,David Saputra Halim,Glory
BCA,3151284521,Dedy Nazarudin,
BCA,4480842907,Dela Herman Wahyudi,
BCA,3151281603,Devy Meyrina Rahmawati,Afandi Prasetyo
BCA,4480835722,Dian Nuri,
BCA,8162048332,Dian Priyanto,
BCA,3312098412,Diana Istislam,Notaris Diana
BCA,4480473073,Dicky Tanzila Suryanto,
BCA,4390389065,Dimas Agung Jaya Putra,A Kressindo
BCA,6100160810,Djoko Ungguling Judo Paulus,
BCA,3850530288,Donny Irwanto,Visualizer
BCA,8160928019,Dwi Arie Wibowo,Kontraktor
BCA,4400140605,Efan Nur Muhammad,
BCA,0112654834,Eka Dyah Raafi'a Saqomi,Raya Media Network
BCA,3850502411,Fajarany Ratih,Sumbangan Agustusan RW SG
BCA,8160898462,Febi Ria Mahardika,Notaris Febi
BCA,0392074862,Fery Ichsan Saifudin,PT. Bumi Perkasa
BCA,4392110988,Fiqri Firmansyah,Elekton Ubud Hotel
BCA,3151391409,Galih Abi Nuswantoro,
BCA,8161617580,H. Nu'man Mubarak,
BCA,3151716961,Handik Purwo Sasono,
BCA,0113318268,Handika Setya Wijaya,Jasa Pembuatan Kajian Teknis SLF
BCA,3680232261,Hari Sukiswan,
BCA,8162100253,Hasan Basri,
BCA,3440517144,Hendy Saputra,Koperasi Mustika Magelang
BCA,111747040,Hengky Andreas,mm/ad.
BCA,0891764463,Hikmatul Bella Rosandra,
BCA,6155166511,Hutami Maharani SKOM,User RK-01
BCA,0111879191,I Putu Adeks Putra Igmas,Ubud Hotel & Cottages
BCA,8162044761,Ida Sudiyar Megawati,
BCA,0620650226,Ika Indriyani Nurullah,Notaris Ika
BCA,0113111230,Ike Nurjanah,Sukamto
BCA,0620308196,Ilham Ramli,
BCA,8161204561,Irvan Akbar,Konsultan Pajak
BCA,1990427441,Izuddin,
BCA,3151276774,Kurniawan Dwi Putro,
BCA,0881831286,Laylatul Khomariah,
BCA,4400256123,Lilik Iriyanti,Juragan Akrilik
BCA,0190435067,Liswandi,Kontraktor
BCA,3151418978,Lukluk Atul Ummah,Gajayana Electronic
BCA,4480469874,Lukman Efendi,Vendor Topografi
BCA,8162135961,M. Farhan Nugraha,
BCA,3314033979,M. Yazak MZ,
BCA,0191309846,Malabar Adventure CV,Vendor Outbound
BCA,2582133957,Mamik Utari,
BCA,1200502643,Marsukiyono,
BCA,110694865,Moch Arif Hidayat,Notaris
BCA,8162048341,Moch. Yusuf Kusuma Wardani,
BCA,8161129330,Mochamad Aminudin Haqqi,Riverside Consultant Engineering
BCA,3310331421,Mochamad Saproni,Istana Jaya
BCA,1990835388,Mochammad Nurhalim,User B-07
BCA,5130031007,"Moh. Ula, SH",
BCA,8160674726,Mohamad Yasin,
BCA,4400457471,"Mohammad Eksan, S.E.",Star One
BCA,8945415891,Mohammad Panca Hilman N.,User B-08
BCA,3660431551,Muchammad Ubay,RuRa
BCA,4391089137,Muhammad Adib Lutfi,
BCA,3310680183,Muhammad Audy Alifio P.,Baboon T-Shirt Garment
BCA,5340157496,Muhammad Muliyawan,
BCA,0891744098,Muhammad Nizar Zulmi,Sigmaprint
BCA,4390838129,Muhammad Yusuf Effendi,
BCA,0896966060,Mukhammad Nabil Maulana Ansori,Pemilik Rukost A7
BCA,0190885755,Nachla Abdillah Faradiah,Kontraktor
BCA,8161800201,Nirsa Annas Nur Sofyan,CMA
BCA,4401326850,NIrsa Annas Nur Sofyan,CMA
BCA,3151918326,Novia Hiqma Kusumaningrum,
BCA,110624506,Nur Kolis,
BCA,8162044752,Nurul Azmilah,
BCA,8161918601,PT. Adhi Property Indonesia,
BCA,3727700229,PT. Dekoruma Inovasi Lestari,Dekoruma
BCA,0883549888,PT. Focon Indonesia,
BCA,0113239899,PT. Kartikasari Mulia,
BCA,0149911199,PT. Prisma Terang Abadi,PT. Prisma Terang Abadi
BCA,149911199,PT. Prisma Terang Abadi,
BCA,8162007130,PT. Saramba Makmur Tekstil,Vendor Cititex Baju
BCA,0145399888,PT. Terang Abadi Raya,Terang Abadi Raya
BCA,0148888836,PT. Universal Joyo Lestari,UFO
BCA,8160961458,Rendra Masdrajad Safaat,
BCA,3850534780,Richi Setiawan,Kontraktor
BCA,8161007391,Rintha Defi Kurniyawati,Oxygen CCTV
BCA,8161558036,Sahlan Roy Martua Hasibuan,
BCA,8162049118,Saidatus Sholihah,
BCA,6755119460,Sak Lawase Selalu Sukses,Genteng Monier
BCA,8161040797,Salman Alfarisy,
BCA,4400097246,Sandy Hermawan,Arsitek
BCA,8162048294,Satya Amardika,
BCA,0190764672,Siswoyo,Kontraktor
BCA,4480744824,Sudjarno,
BCA,3310495793,Sugeng Dwi Purwanto,
BCA,3310715050,Suroso,
BCA,8161200417,Syaiful Ma'arif,Maxdigipro Training & Consultant
BCA,8161481548,Tirta Kusuma,
BCA,4391564684,Triyanti Novita Sari,
BCA,8163033842,Vania Chasanah,Nanda Amarrila
BCA,1990171099,Verryanto Tri Susilo,
BCA,4480391352,Vivi Indrayati,Bongkaran - Barokah Langgeng
BCA,4000360011,Wahyu Ardiansyah,
BCA,8945454837,Wahyuni Wulandari,User B-07
BCA,1021001614,Wong Christian Edmon H,Replika Studio
BCA,44807796995,Yeni Rinawati,UD. Graha Jaya Mulia
BCA,0391229103,Yuda Prihandana,Jasa Pasang AC
BCA,8162044779,Yusril Afif Ardiansyah,
BJS,6141888895,Rendra Masdrajad Safaat,
BNI,0332560793,E Wida Kusumawati,User A-03
BNI,8123326628,"H. Indra Aditya Utama, S.H.",Notaris Indra
BNI,53088994,Perumda Air Minum Tugu Tirta Kota Malang,PDAM Tugu Tirta
BNI,0446359235,Prayitno Wira Setiawan,
BNI,393270387,Sahlan Roy Martua Hasibuan,
BNI,1846157588,Suliadji,
BPJS,8988890002123100,PT. Adhi Property Indonesia,
BRI,125901014185509,Aggidiansyah Tegar Maulidia,
BRI,312501031111532,Agus Hasan As Ari,
BRI,42901035319505,Arifin,"Konstruksi Las ""Restu Jaya"""
BRI,124701015616502,Dimas Krisnalendra,
BRI,638601024169535,Dwi Kristiowati,Subkon Furniture Pernoto
BRI,17201007469533,Hartono MTY,Bendahara RT.04 Eazy Kost SG
BRI,017201007469533,MTY Hartono,Bendahara RT SG
BRI,637601010964500,Panitia Bersih Desa Sumbersekar,
BRI,005101575856567,Rendra Masdrajad Safaat,
BRI,627801013657534,Rizka Andini,Vendor Tanaman
BRI,226701003389502,Rogi Sugara,
BRI,312701038258537,Saptutik,
BRI,218301001433535,Supris Rudianto,User A-02
BRI,223701006913505,Vangga Adi Wijaya,Warlis / Warung Listrik
BSI,7707787796,Bina Insan Mandiri,
BSI,7242310688,Koppontren Bahrul Maghfiroh,Pondok Pesantren Bahrul Maghfiroh
BSI,7309187193,Muhammad Adi Baskara,
BSI,73570553964,Nirsa Annas Nur Sofyan,CMA
BSI,7176962498,Riadi,
BSI,7253410315,Sukamto,
BSI,7707787796,Yayasan Bina Insan Mandiri Indonesia Sukses,
BTN Syariah,7063006033,Apersi Korwil Malang,
GOPAY,70001081252254363,Bella Eka Puspita Husada,
GOPAY,70001085655512009,Yusril Afif,
Halo Call Center,08113646900,Galih Abi Nuswantoro,Call Center Lumiera Garden
Halo Call Center,0811336634,Muhammad Muliyawan,Call Center Sigura-Gura
Halo Call Center,08113500591,Sahlan Roy Martua Hasibuan,Call Center Joyo Agung
JATIM,0047488711,Diana Istislam,Notaris
JATIM,0043059050,Febi Ria Mahardika,Notaris
JATIM,0048014241,Ireng Soenarto,Ketua RW Eazy Kost SG
JATIM,0047611849,Prajogo Subianto,RT RW Joyo Agung
JATIM,1083006567,Suhadi,Bongkaran Hadi
JATIM,523888889,Sumiati,User B-04
JATIM,0046906969,Syaiful ANwar,Vendor Teknik
MANDIRI,1400025620973,Alfian Rizki Pradhana,User A3 Lumiera
MANDIRI,1400018100983,Arya Desta Andika,
MANDIRI,1440039696999,Choirul Anam,Notaris
MANDIRI,1440000081114,Choirul Anam,Notaris CA
MANDIRI,1440002340088,CV FEVA 88,Billboard
MANDIRI,1590071171176,Dewi Amelia,User RK-08
MANDIRI,1410022978548,KJPP Mushofah dan Rekan,
MANDIRI,1850072345678,Koperasi Simpan Pinjam Mustika,
MANDIRI,1430029991690,Mochammad Arie Iswandi,
MANDIRI,1420002003225,Nita Andrestiyanti,User RK-13
MANDIRI,1290002050504,Podang Peksiadji,User RK-04
MANDIRI,1440028156757,PT. Adhiland Sukses Abadi,Escrow
MANDIRI,1410022598957,PT. Heejra Sahabat Utama,
MANDIRI,1400010835768,Setyo Nugroho,User B-03
MANDIRI,1440014810607,Suyono,
MEGA,21930020006561,dr. Arin Istiani,User RK-09
MUAMALAT,7110654321,Bina Insan Mandiri Indoneisia Sukses YYS,
MUAMALAT,7190007347,Nurul Fatah,Makelar Tanah
Niaga Syariah,760550810900,Ayu Chandra Puspitasari,User RK-12
PDAM,168879,Ali Abdullah,Rumah Sukun
PDAM,199035,Anies Hermawaty,Rukost B-01
PDAM,202726,Anita,Rukost B-06
PDAM,201723,Arin Istiani,Rukost RK-09
PDAM,203083,Dr Aulia Martyana Achsar,Rukost RK-11
PDAM,202385,Dr Podang Peksiadji,Rukost RK-04
PDAM,200813,E Wida Kusumawati,Rukost A-03
PDAM,203080,Farida Ulfa,Rukost RK-14
PDAM,202727,Hutami Maharani,Rukost RK-01
PDAM,196898,Laylatul Khomariah,Pos Satpam
PDAM,197240,Laylatul Khomariah,Taman
PDAM,198088,Laylatul Khomariah,Rukost B-03
PDAM,202728,Muhammad,Rukost B-12
PDAM,198986,Muhammad Nabil Maulana,Rukost A-07
PDAM,200798,Muhammad Syailendra Pratama,Rukost RK-12
PDAM,201728,Muhammad Wahyuwira Pratama,Rukost A-06
PDAM,198333,Nandar Sukendar,Kawasan Joyo Agung
PDAM,201001,Nooran Davick,Rukost B-08
PDAM,202387,Onny Wiriandono,Rukost RK-13
PDAM,198710,Solichah,Rukost B-07
PDAM,096166,Wisnu Novianto,Kantor Ruko Suhat
PDAM,203084,Yudi Kustendi,Rukost RK-03
PDAM,201722,Yudi Kustendi,Rukost RK-08
PDAM,202386,Yuliani,Rukost RK-05
PDAM,202384,Yuni Swastika,Rukost RK-02
PDAM,203081,Zayyana Numa Fakhriya,Rukost RK-10
Permata,4124369997,Syarifah Usman,Notaris Mayana
PLN,513111360135,Adhiwena Wirya Wiyudi,Kawasan Sigura-Gura
PLN,513111593167,Agustina Irawati,Rukost LK-08
PLN,513111534601,Ayu Chandra P,Rukost RK-12
PLN,513111610706,Debora Asih Natalia,Rukost LK-11
PLN,513111541127,Dr Arin Istiani,Rukost RK-09
PLN,513111571380,Dr Aulia Martyana,Rukost RK-11
PLN,513111553033,Dr Podang Peksidadji,Rukost RK-04
PLN,513111593191,Dwi Mulyono ST,Rukost LK-09
PLN,513111601016,Endah Kuswintari,Rukost LK-04
PLN,513111609014,Etty Parawati,Rukost LK-02
PLN,513111571372,Farida Ulfa Fasum,Rukost RK-14
PLN,513111593183,Heny Susanti,Rukost LK-07
PLN,513111576668,Hutami Maharani Fasum,Rukost RK-01
PLN,513111364844,Mandiri Islamic Village,Galeri Marketing Mayana Resort
PLN,513111593204,Mochamad Yunus IR,Rukost LK-10
PLN,513111445351,Nandar Sukendar,Kawasan Joyo Agung
PLN,513111563298,Onny Wiriandono,Rukost RK-13
PLN,513111484250,PJU Lumeira Joyo Agung,Kawasan Lumiera Garden
PLN,513111601024,Rachmadiana Sari,Rukost LK-03
PLN,513111186682,Syaifuddin Aryus,Kawasan Mayana Resort
PLN,513110771875,Wisnu Novianto,Kantor Ruko Suhat
PLN,513111534619,Yudi Kustendi,Rukost RK-08
PLN,513111576650,Yudi Kustendi Fasum,Rukost RK-03
PLN,513111553025,Yuliani Fasum,Rukost RK-05
PLN,513111563344,Yuni Swastika,Rukost RK-02
PLN,513111571293,Zayyana Numa F,Rukost RK-10
Sinarmas,0018927225,Rian Andre Yonovan,
SMBC,90270557768,Bella Eka Puspita Husada,Ads
VA,1220895631421474,Nurul Azmila,
WIFI,152703263968,Agustina Irawati,Rukost LK-08
WIFI,152703263302,Andik Sutrisno,Rukost RK-13
WIFI,152703261183,Anies Hermawaty,Rukost B-01
WIFI,152703261313,Ansyahrullah,Kawasan Joyo Agung
WIFI,152703262770,Ayu Chandra Puspitasari,Rukost RK-12
WIFI,152703256391,Budiono SH,Rukost LK-04
WIFI,152703254867,Dian Priyanto,Kawasan Sigura-Gura
WIFI,152703256201,Dwi Mulyono ST,Rukost LK-09
WIFI,152703262409,E Wida Kusumawati,Rukost A-03
WIFI,152703256052,Etty Parawati,Rukost LK-02
WIFI,152703256775,Faridah,Rukost LK-10
WIFI,152703256702,Fitria Agustina,Rukost LK-12
WIFI,152703256375,Hutami Maharani S.Kom,Rukost RK-01
WIFI,152703262191,Ioorandavion,Rukost B-08
WIFI,152703262410,Mochammad Nurhalim,Rukost B-07
WIFI,152703256781,Muhammad Arifin Nasution,Rukost LK-07
WIFI,7111701000817791,Muhammad Wahyuwira Pratama,Rukost A-06
WIFI,152703260332,Mukhammad Nabil Maulana,Rukost A-07
WIFI,152703903170,Numan Mubarak,Rukost RK-03
WIFI,152703903431,Prayitno Wira Setiawan,Rukost LK-11
WIFI,7111701000827063,Prayitno Wira Setiawan,Rukost B-06
WIFI,152703263966,Rachmadiana Sari,Rukost LK-03
WIFI,7111701000557664,Satya Amardika,Kawasan Lumiera Garden
WIFI,152703257068,Setyo Nugroho,Rukost B-03
WIFI,7111701000269847,Syaifuddin Aryus,Kawasan Mayana Resort
WIFI,7111701000274460,Yohanes Anugrah,Kantor Ruko Suhat
WIFI,152703262592,Yudi Kustendi,Rukost RK-08
WIFI,152703260955,Yuliyani,Rukost RK-05
WIFI,152703256602,Yuni Swastika Indriati,Rukost RK-02
